playlist_uri,artist,name,decade
https://open.spotify.com/playlist/7HWmbcjkVTfQdLKk2NWmtZ?si=6b870f33efe24872,Julie London,I'm In The Mood For Love,1920s
https://open.spotify.com/playlist/7HWmbcjkVTfQdLKk2NWmtZ?si=6b870f33efe24872,Julie London,I'm Glad There Is You,1920s
https://open.spotify.com/playlist/7HWmbcjkVTfQdLKk2NWmtZ?si=6b870f33efe24872,Doris Day,Again (with The Mellomen),1920s
https://open.spotify.com/playlist/7HWmbcjkVTfQdLKk2NWmtZ?si=6b870f33efe24872,Doris Day,Dream a Little Dream of Me (with Paul Weston & His Music From Hollywood),1920s
https://open.spotify.com/playlist/7HWmbcjkVTfQdLKk2NWmtZ?si=6b870f33efe24872,Ella Fitzgerald,Someone To Watch Over Me,1920s
https://open.spotify.com/playlist/7HWmbcjkVTfQdLKk2NWmtZ?si=6b870f33efe24872,Chet Baker,I Fall In Love Too Easily,1920s
https://open.spotify.com/playlist/7HWmbcjkVTfQdLKk2NWmtZ?si=6b870f33efe24872,Billie Holiday,I'll Be Seeing You,1920s
https://open.spotify.com/playlist/7HWmbcjkVTfQdLKk2NWmtZ?si=6b870f33efe24872,Tommy Dorsey,I'll Never Smile Again,1920s
https://open.spotify.com/playlist/7HWmbcjkVTfQdLKk2NWmtZ?si=6b870f33efe24872,Etta Jones,If I Had You,1920s
https://open.spotify.com/playlist/7HWmbcjkVTfQdLKk2NWmtZ?si=6b870f33efe24872,Julie London,Nice Girls Don't Stay For Breakfast,1920s
https://open.spotify.com/playlist/7HWmbcjkVTfQdLKk2NWmtZ?si=6b870f33efe24872,Julie London,Spring Will Be A Little Late This Year,1920s
https://open.spotify.com/playlist/7HWmbcjkVTfQdLKk2NWmtZ?si=6b870f33efe24872,Doris Day,I'm Confessin' (That I Love You),1920s
https://open.spotify.com/playlist/7HWmbcjkVTfQdLKk2NWmtZ?si=6b870f33efe24872,Etta Jones,Till There Was You,1920s
https://open.spotify.com/playlist/7HWmbcjkVTfQdLKk2NWmtZ?si=6b870f33efe24872,Julie London,Bidin' My Time,1920s
https://open.spotify.com/playlist/7HWmbcjkVTfQdLKk2NWmtZ?si=6b870f33efe24872,Johnny Mathis,Misty,1920s
https://open.spotify.com/playlist/7HWmbcjkVTfQdLKk2NWmtZ?si=6b870f33efe24872,The Pied Pipers,Dream - Edit,1920s
https://open.spotify.com/playlist/7HWmbcjkVTfQdLKk2NWmtZ?si=6b870f33efe24872,Jo Stafford,Through The Years,1920s
https://open.spotify.com/playlist/7HWmbcjkVTfQdLKk2NWmtZ?si=6b870f33efe24872,Jo Stafford,Some Enchanted Evening - Remastered,1920s
https://open.spotify.com/playlist/7HWmbcjkVTfQdLKk2NWmtZ?si=6b870f33efe24872,Jo Stafford,Haunted Heart - Remastered,1920s
https://open.spotify.com/playlist/7HWmbcjkVTfQdLKk2NWmtZ?si=6b870f33efe24872,Jo Stafford,No Other Love,1920s
https://open.spotify.com/playlist/7HWmbcjkVTfQdLKk2NWmtZ?si=6b870f33efe24872,Ilene Woods,"So This Is Love - From ""Cinderella""",1920s
https://open.spotify.com/playlist/7HWmbcjkVTfQdLKk2NWmtZ?si=6b870f33efe24872,Nat King Cole,Unforgettable,1920s
https://open.spotify.com/playlist/7HWmbcjkVTfQdLKk2NWmtZ?si=6b870f33efe24872,Julie London,Show Me The Way To Go Home,1920s
https://open.spotify.com/playlist/7HWmbcjkVTfQdLKk2NWmtZ?si=6b870f33efe24872,Dinah Shore,Laughing on the Outside (Crying on the Inside),1920s
https://open.spotify.com/playlist/7HWmbcjkVTfQdLKk2NWmtZ?si=6b870f33efe24872,Billie Holiday,Easy Living (with Teddy Wilson & His Orchestra),1920s
https://open.spotify.com/playlist/7HWmbcjkVTfQdLKk2NWmtZ?si=6b870f33efe24872,Julie London,Me And My Shadow,1920s
https://open.spotify.com/playlist/7HWmbcjkVTfQdLKk2NWmtZ?si=6b870f33efe24872,Nancy Wilson,The Masquerade Is Over,1920s
https://open.spotify.com/playlist/7HWmbcjkVTfQdLKk2NWmtZ?si=6b870f33efe24872,Billie Holiday,Tenderly,1920s
https://open.spotify.com/playlist/7HWmbcjkVTfQdLKk2NWmtZ?si=6b870f33efe24872,The Ink Spots,I Don't Want To Set The World On Fire,1920s
https://open.spotify.com/playlist/7HWmbcjkVTfQdLKk2NWmtZ?si=6b870f33efe24872,Billie Holiday,I'll Look Around,1920s
https://open.spotify.com/playlist/7HWmbcjkVTfQdLKk2NWmtZ?si=6b870f33efe24872,Julie London,The End Of The World,1920s
https://open.spotify.com/playlist/7HWmbcjkVTfQdLKk2NWmtZ?si=6b870f33efe24872,Sarah Vaughan,Black Coffee,1920s
https://open.spotify.com/playlist/7HWmbcjkVTfQdLKk2NWmtZ?si=6b870f33efe24872,Nat King Cole,Smile,1920s
https://open.spotify.com/playlist/7HWmbcjkVTfQdLKk2NWmtZ?si=6b870f33efe24872,Doris Day,I Believe In Dreams,1920s
https://open.spotify.com/playlist/7HWmbcjkVTfQdLKk2NWmtZ?si=6b870f33efe24872,Bobby Vinton,Let's Kiss and Make Up,1920s
https://open.spotify.com/playlist/7HWmbcjkVTfQdLKk2NWmtZ?si=6b870f33efe24872,Dion & The Belmonts,A Teenager In Love,1920s
https://open.spotify.com/playlist/7HWmbcjkVTfQdLKk2NWmtZ?si=6b870f33efe24872,Bill Evans,Skating In Central Park,1920s
https://open.spotify.com/playlist/7HWmbcjkVTfQdLKk2NWmtZ?si=6b870f33efe24872,The Chordettes,Hello! Ma Baby,1920s
https://open.spotify.com/playlist/7HWmbcjkVTfQdLKk2NWmtZ?si=6b870f33efe24872,Bobby Darin,Beyond the Sea,1920s
https://open.spotify.com/playlist/7HWmbcjkVTfQdLKk2NWmtZ?si=6b870f33efe24872,Glenn Miller,In the Mood,1920s
https://open.spotify.com/playlist/7HWmbcjkVTfQdLKk2NWmtZ?si=6b870f33efe24872,Dean Martin,I Can't Believe That You're In Love With Me - Remastered/1998,1920s
https://open.spotify.com/playlist/7HWmbcjkVTfQdLKk2NWmtZ?si=6b870f33efe24872,Billie Holiday,All of Me,1920s
https://open.spotify.com/playlist/7HWmbcjkVTfQdLKk2NWmtZ?si=6b870f33efe24872,Chet Baker,It's Always You - Vocal Version,1920s
https://open.spotify.com/playlist/7HWmbcjkVTfQdLKk2NWmtZ?si=6b870f33efe24872,Etta James,A Sunday Kind Of Love,1920s
https://open.spotify.com/playlist/7HWmbcjkVTfQdLKk2NWmtZ?si=6b870f33efe24872,Kitty Kallen,"It's Been a Long, Long Time (with Harry James & His Orchestra)",1920s
https://open.spotify.com/playlist/7HWmbcjkVTfQdLKk2NWmtZ?si=6b870f33efe24872,The Chords,Sh-Boom,1920s
https://open.spotify.com/playlist/7HWmbcjkVTfQdLKk2NWmtZ?si=6b870f33efe24872,Gene Austin,Everything's Made For Love,1920s
https://open.spotify.com/playlist/7HWmbcjkVTfQdLKk2NWmtZ?si=6b870f33efe24872,Ella Fitzgerald,It's Only A Paper Moon,1920s
https://open.spotify.com/playlist/7HWmbcjkVTfQdLKk2NWmtZ?si=6b870f33efe24872,Billie Holiday,Crazy He Calls Me,1920s
https://open.spotify.com/playlist/7HWmbcjkVTfQdLKk2NWmtZ?si=6b870f33efe24872,Ella Fitzgerald,In A Mellow Tone,1920s
https://open.spotify.com/playlist/7HWmbcjkVTfQdLKk2NWmtZ?si=6b870f33efe24872,Ellen Andersson,I'll Be Seeing You,1920s
https://open.spotify.com/playlist/7HWmbcjkVTfQdLKk2NWmtZ?si=6b870f33efe24872,Dinah Washington,A Handful of Stars - 2002 Remaster,1920s
https://open.spotify.com/playlist/7HWmbcjkVTfQdLKk2NWmtZ?si=6b870f33efe24872,Abbey Lincoln,Do Nothing 'Til You Hear From Me,1920s
https://open.spotify.com/playlist/7HWmbcjkVTfQdLKk2NWmtZ?si=6b870f33efe24872,Anita O'Day,Whisper Not,1920s
https://open.spotify.com/playlist/7HWmbcjkVTfQdLKk2NWmtZ?si=6b870f33efe24872,Nancy Wilson,(You Don't Know) How Glad I Am,1920s
https://open.spotify.com/playlist/7HWmbcjkVTfQdLKk2NWmtZ?si=6b870f33efe24872,Thelonious Monk,"Ruby, My Dear",1920s
https://open.spotify.com/playlist/7HWmbcjkVTfQdLKk2NWmtZ?si=6b870f33efe24872,Ella Fitzgerald,Isn't This A Lovely Day?,1920s
https://open.spotify.com/playlist/7HWmbcjkVTfQdLKk2NWmtZ?si=6b870f33efe24872,Blossom Dearie,'Deed I Do,1920s
https://open.spotify.com/playlist/7HWmbcjkVTfQdLKk2NWmtZ?si=6b870f33efe24872,Frank Sinatra,Makin' Whoopee - Remastered 1998,1920s
https://open.spotify.com/playlist/7HWmbcjkVTfQdLKk2NWmtZ?si=6b870f33efe24872,Billie Holiday,Just One Of Those Things - Take 8 - Master Take,1920s
https://open.spotify.com/playlist/7HWmbcjkVTfQdLKk2NWmtZ?si=6b870f33efe24872,Dinah Washington,September In The Rain,1920s
https://open.spotify.com/playlist/7HWmbcjkVTfQdLKk2NWmtZ?si=6b870f33efe24872,Ella Fitzgerald,I've Got A Crush On You,1920s
https://open.spotify.com/playlist/7HWmbcjkVTfQdLKk2NWmtZ?si=6b870f33efe24872,Carmen McRae,Just a Little Lovin',1920s
https://open.spotify.com/playlist/7HWmbcjkVTfQdLKk2NWmtZ?si=6b870f33efe24872,Jo Stafford,You Belong To Me,1920s
https://open.spotify.com/playlist/7HWmbcjkVTfQdLKk2NWmtZ?si=6b870f33efe24872,Les Paul,"It's Been A Long, Long Time",1920s
https://open.spotify.com/playlist/7HWmbcjkVTfQdLKk2NWmtZ?si=6b870f33efe24872,Billie Holiday,You Go To My Head,1920s
https://open.spotify.com/playlist/7HWmbcjkVTfQdLKk2NWmtZ?si=6b870f33efe24872,Ella Fitzgerald,"Bewitched, Bothered, And Bewildered",1920s
https://open.spotify.com/playlist/7HWmbcjkVTfQdLKk2NWmtZ?si=6b870f33efe24872,The Mills Brothers,Nevertheless (I'm In Love With You) - 1958 version,1920s
https://open.spotify.com/playlist/7HWmbcjkVTfQdLKk2NWmtZ?si=6b870f33efe24872,Billie Holiday,P.S. I Love You,1920s
https://open.spotify.com/playlist/7HWmbcjkVTfQdLKk2NWmtZ?si=6b870f33efe24872,Nat King Cole,(I Love You) For Sentimental Reasons,1920s
https://open.spotify.com/playlist/7HWmbcjkVTfQdLKk2NWmtZ?si=6b870f33efe24872,Ella Fitzgerald,These Foolish Things (Remind Me Of You),1920s
https://open.spotify.com/playlist/7HWmbcjkVTfQdLKk2NWmtZ?si=6b870f33efe24872,Margaret Whiting,Time After Time,1920s
https://open.spotify.com/playlist/7HWmbcjkVTfQdLKk2NWmtZ?si=6b870f33efe24872,Ella Fitzgerald,Let's Do It (Let's Fall In Love),1920s
https://open.spotify.com/playlist/7HWmbcjkVTfQdLKk2NWmtZ?si=6b870f33efe24872,Ella Fitzgerald,Dream A Little Dream Of Me,1920s
https://open.spotify.com/playlist/7HWmbcjkVTfQdLKk2NWmtZ?si=6b870f33efe24872,Billie Holiday,Blue Moon,1920s
https://open.spotify.com/playlist/7HWmbcjkVTfQdLKk2NWmtZ?si=6b870f33efe24872,Blossom Dearie,Tea For Two,1920s
https://open.spotify.com/playlist/7HWmbcjkVTfQdLKk2NWmtZ?si=6b870f33efe24872,Billie Holiday,April In Paris,1920s
https://open.spotify.com/playlist/7HWmbcjkVTfQdLKk2NWmtZ?si=6b870f33efe24872,Judy Garland,Embraceable You - 1940 Single Version,1920s
https://open.spotify.com/playlist/7HWmbcjkVTfQdLKk2NWmtZ?si=6b870f33efe24872,Patsy Cline,She's Got You - Single Version,1920s
https://open.spotify.com/playlist/7HWmbcjkVTfQdLKk2NWmtZ?si=6b870f33efe24872,Billie Holiday,Moonglow,1920s
https://open.spotify.com/playlist/7HWmbcjkVTfQdLKk2NWmtZ?si=6b870f33efe24872,Ella Fitzgerald,Moonlight Serenade,1920s
https://open.spotify.com/playlist/7HWmbcjkVTfQdLKk2NWmtZ?si=6b870f33efe24872,Ella Fitzgerald,Blue Skies,1920s
https://open.spotify.com/playlist/7HWmbcjkVTfQdLKk2NWmtZ?si=6b870f33efe24872,Billie Holiday,I Can't Believe That You're In Love With Me,1920s
https://open.spotify.com/playlist/7HWmbcjkVTfQdLKk2NWmtZ?si=6b870f33efe24872,Frank Sinatra,Moonlight In Vermont - Remastered,1920s
https://open.spotify.com/playlist/7HWmbcjkVTfQdLKk2NWmtZ?si=6b870f33efe24872,Fats Waller,Two Sleepy People,1920s
https://open.spotify.com/playlist/7HWmbcjkVTfQdLKk2NWmtZ?si=6b870f33efe24872,Sam Cooke,I Wish You Love,1920s
https://open.spotify.com/playlist/7HWmbcjkVTfQdLKk2NWmtZ?si=6b870f33efe24872,Louis Armstrong,A Kiss To Build A Dream On,1920s
https://open.spotify.com/playlist/7HWmbcjkVTfQdLKk2NWmtZ?si=6b870f33efe24872,Peggy Lee,Till There Was You - Remastered,1920s
https://open.spotify.com/playlist/7HWmbcjkVTfQdLKk2NWmtZ?si=6b870f33efe24872,Frank Sinatra,September In The Rain - 1998 Digital Remaster,1920s
https://open.spotify.com/playlist/7HWmbcjkVTfQdLKk2NWmtZ?si=6b870f33efe24872,The Fleetwoods,Mr. Blue,1920s
https://open.spotify.com/playlist/7HWmbcjkVTfQdLKk2NWmtZ?si=6b870f33efe24872,Nat King Cole Trio,I Miss You So,1920s
https://open.spotify.com/playlist/7HWmbcjkVTfQdLKk2NWmtZ?si=6b870f33efe24872,Frank Sinatra,I Wish You Love,1920s
https://open.spotify.com/playlist/7HWmbcjkVTfQdLKk2NWmtZ?si=6b870f33efe24872,Julie London,Why Don't You Do Right,1920s
https://open.spotify.com/playlist/7HWmbcjkVTfQdLKk2NWmtZ?si=6b870f33efe24872,Doris Day,Blue Skies,1920s
https://open.spotify.com/playlist/7HWmbcjkVTfQdLKk2NWmtZ?si=6b870f33efe24872,Ella Fitzgerald,In A Sentimental Mood,1920s
https://open.spotify.com/playlist/7HWmbcjkVTfQdLKk2NWmtZ?si=6b870f33efe24872,Ella Fitzgerald,All The Things You Are,1920s
https://open.spotify.com/playlist/7HWmbcjkVTfQdLKk2NWmtZ?si=6b870f33efe24872,Doris Day,"Que Sera, Sera (Whatever Will Be, Will Be)",1920s
https://open.spotify.com/playlist/7HWmbcjkVTfQdLKk2NWmtZ?si=6b870f33efe24872,Chet Baker,But Not For Me - Vocal Version,1920s
https://open.spotify.com/playlist/2webFRRyZuTUdw9KrMKT63?si=08ee3c375cba4319,Paul Anka,Put Your Head On My Shoulder,1930s
https://open.spotify.com/playlist/2webFRRyZuTUdw9KrMKT63?si=08ee3c375cba4319,Doris Day,Again (with The Mellomen),1930s
https://open.spotify.com/playlist/2webFRRyZuTUdw9KrMKT63?si=08ee3c375cba4319,Frankie Avalon,Don't Let Love Pass Me By,1930s
https://open.spotify.com/playlist/2webFRRyZuTUdw9KrMKT63?si=08ee3c375cba4319,Bobby Vee,Don't Ever Take Her For Granted,1930s
https://open.spotify.com/playlist/2webFRRyZuTUdw9KrMKT63?si=08ee3c375cba4319,Doris Day,Dream a Little Dream of Me (with Paul Weston & His Music From Hollywood),1930s
https://open.spotify.com/playlist/2webFRRyZuTUdw9KrMKT63?si=08ee3c375cba4319,Lesley Gore,Cry Me A River,1930s
https://open.spotify.com/playlist/2webFRRyZuTUdw9KrMKT63?si=08ee3c375cba4319,James Darren,Let's Fall in Love,1930s
https://open.spotify.com/playlist/2webFRRyZuTUdw9KrMKT63?si=08ee3c375cba4319,Ricky Nelson,A Teenager's Romance,1930s
https://open.spotify.com/playlist/2webFRRyZuTUdw9KrMKT63?si=08ee3c375cba4319,Frankie Valli & The Four Seasons,An Angel Cried,1930s
https://open.spotify.com/playlist/2webFRRyZuTUdw9KrMKT63?si=08ee3c375cba4319,Paul Anka,Fly Me to the Moon,1930s
https://open.spotify.com/playlist/2webFRRyZuTUdw9KrMKT63?si=08ee3c375cba4319,Julie London,I'm In The Mood For Love,1930s
https://open.spotify.com/playlist/2webFRRyZuTUdw9KrMKT63?si=08ee3c375cba4319,Natalie Cole,Starting Over Again,1930s
https://open.spotify.com/playlist/2webFRRyZuTUdw9KrMKT63?si=08ee3c375cba4319,Chris Montez,Watch What Happens,1930s
https://open.spotify.com/playlist/2webFRRyZuTUdw9KrMKT63?si=08ee3c375cba4319,Dean Martin,Everybody Loves Somebody,1930s
https://open.spotify.com/playlist/2webFRRyZuTUdw9KrMKT63?si=08ee3c375cba4319,Marilyn Monroe,"I Wanna Be Loved by You (From ""Some Like It Hot"")",1930s
https://open.spotify.com/playlist/2webFRRyZuTUdw9KrMKT63?si=08ee3c375cba4319,Frank Sinatra,It Had To Be You - 2009 Remaster,1930s
https://open.spotify.com/playlist/2webFRRyZuTUdw9KrMKT63?si=08ee3c375cba4319,Billie Holiday,I Cried For You,1930s
https://open.spotify.com/playlist/2webFRRyZuTUdw9KrMKT63?si=08ee3c375cba4319,Elvis Presley,Can't Help Falling in Love,1930s
https://open.spotify.com/playlist/2webFRRyZuTUdw9KrMKT63?si=08ee3c375cba4319,Frankie Valli,Can't Take My Eyes off You,1930s
https://open.spotify.com/playlist/2webFRRyZuTUdw9KrMKT63?si=08ee3c375cba4319,The Cascades,I Wanna Be Your Lover,1930s
https://open.spotify.com/playlist/2webFRRyZuTUdw9KrMKT63?si=08ee3c375cba4319,The Ink Spots,I Don't Want To Set The World On Fire,1930s
https://open.spotify.com/playlist/2webFRRyZuTUdw9KrMKT63?si=08ee3c375cba4319,Nat King Cole,Unforgettable,1930s
https://open.spotify.com/playlist/2webFRRyZuTUdw9KrMKT63?si=08ee3c375cba4319,Doris Day,I'm Confessin' (That I Love You),1930s
https://open.spotify.com/playlist/2webFRRyZuTUdw9KrMKT63?si=08ee3c375cba4319,Doris Day,If I Give My Heart to You (with The Mellomen),1930s
https://open.spotify.com/playlist/2webFRRyZuTUdw9KrMKT63?si=08ee3c375cba4319,Julie London,I'm Glad There Is You,1930s
https://open.spotify.com/playlist/2webFRRyZuTUdw9KrMKT63?si=08ee3c375cba4319,The Shirelles,Will You Love Me Tomorrow,1930s
https://open.spotify.com/playlist/2webFRRyZuTUdw9KrMKT63?si=08ee3c375cba4319,Ritchie Valens,Donna - Single Version,1930s
https://open.spotify.com/playlist/2webFRRyZuTUdw9KrMKT63?si=08ee3c375cba4319,Harry James,"It's Been a Long, Long Time",1930s
https://open.spotify.com/playlist/2webFRRyZuTUdw9KrMKT63?si=08ee3c375cba4319,Bobby Vinton,Please Love Me Forever,1930s
https://open.spotify.com/playlist/2webFRRyZuTUdw9KrMKT63?si=08ee3c375cba4319,Ilene Woods,"So This Is Love - From ""Cinderella""",1930s
https://open.spotify.com/playlist/2webFRRyZuTUdw9KrMKT63?si=08ee3c375cba4319,Lesley Gore,It's My Party,1930s
https://open.spotify.com/playlist/2webFRRyZuTUdw9KrMKT63?si=08ee3c375cba4319,The Beatles,Strawberry Fields Forever - Remastered 2009,1930s
https://open.spotify.com/playlist/2webFRRyZuTUdw9KrMKT63?si=08ee3c375cba4319,Frank Sinatra,I Fall In Love Too Easily,1930s
https://open.spotify.com/playlist/2webFRRyZuTUdw9KrMKT63?si=08ee3c375cba4319,Jo Stafford,You Belong To Me,1930s
https://open.spotify.com/playlist/2webFRRyZuTUdw9KrMKT63?si=08ee3c375cba4319,The Ink Spots,We'll Meet Again,1930s
https://open.spotify.com/playlist/2webFRRyZuTUdw9KrMKT63?si=08ee3c375cba4319,Frank Sinatra,I'm A Fool To Want You - Remastered,1930s
https://open.spotify.com/playlist/2webFRRyZuTUdw9KrMKT63?si=08ee3c375cba4319,The Cascades,Was I Dreamin' ?,1930s
https://open.spotify.com/playlist/2webFRRyZuTUdw9KrMKT63?si=08ee3c375cba4319,Doris Day,"They Say It's Wonderful - from ""Annie Get Your Gun""",1930s
https://open.spotify.com/playlist/2webFRRyZuTUdw9KrMKT63?si=08ee3c375cba4319,Ben E. King,Come Closer to Me,1930s
https://open.spotify.com/playlist/2webFRRyZuTUdw9KrMKT63?si=08ee3c375cba4319,Nate Jaeger,Teenager's Romance,1930s
https://open.spotify.com/playlist/2webFRRyZuTUdw9KrMKT63?si=08ee3c375cba4319,Jo Stafford,La Vie En Rose - 1996 Digital Remaster,1930s
https://open.spotify.com/playlist/2webFRRyZuTUdw9KrMKT63?si=08ee3c375cba4319,Frank Sinatra,I'm a Fool to Want You - 78rpm Version,1930s
https://open.spotify.com/playlist/2webFRRyZuTUdw9KrMKT63?si=08ee3c375cba4319,Billie Holiday,I'll Look Around,1930s
https://open.spotify.com/playlist/2webFRRyZuTUdw9KrMKT63?si=08ee3c375cba4319,Ella Fitzgerald,Dream A Little Dream Of Me - Single Version,1930s
https://open.spotify.com/playlist/2webFRRyZuTUdw9KrMKT63?si=08ee3c375cba4319,Bobby Vinton,My Heart Belongs to Only You,1930s
https://open.spotify.com/playlist/2webFRRyZuTUdw9KrMKT63?si=08ee3c375cba4319,Ella Fitzgerald,Dream A Little Dream Of Me,1930s
https://open.spotify.com/playlist/2webFRRyZuTUdw9KrMKT63?si=08ee3c375cba4319,Bobby Vinton,I Love You the Way You Are,1930s
https://open.spotify.com/playlist/2webFRRyZuTUdw9KrMKT63?si=08ee3c375cba4319,Les Paul,"It's Been A Long, Long Time",1930s
https://open.spotify.com/playlist/2webFRRyZuTUdw9KrMKT63?si=08ee3c375cba4319,Johnny Mathis,"It's Not for Me to Say - From the MGM Film ""Lizzie""",1930s
https://open.spotify.com/playlist/2webFRRyZuTUdw9KrMKT63?si=08ee3c375cba4319,The Mills Brothers,You Always Hurt The One You Love - 1958 version,1930s
https://open.spotify.com/playlist/2webFRRyZuTUdw9KrMKT63?si=08ee3c375cba4319,Mike Douglas,So This Is Love,1930s
https://open.spotify.com/playlist/2webFRRyZuTUdw9KrMKT63?si=08ee3c375cba4319,Sam Cooke,I Wish You Love,1930s
https://open.spotify.com/playlist/2webFRRyZuTUdw9KrMKT63?si=08ee3c375cba4319,Nat King Cole,(I Love You) For Sentimental Reasons,1930s
https://open.spotify.com/playlist/2webFRRyZuTUdw9KrMKT63?si=08ee3c375cba4319,Brian Hyland,"""A"" You're Adorable",1930s
https://open.spotify.com/playlist/2webFRRyZuTUdw9KrMKT63?si=08ee3c375cba4319,Dion & The Belmonts,Wonderful Girl,1930s
https://open.spotify.com/playlist/2webFRRyZuTUdw9KrMKT63?si=08ee3c375cba4319,Brenda Lee,Emotions,1930s
https://open.spotify.com/playlist/2webFRRyZuTUdw9KrMKT63?si=08ee3c375cba4319,Frank Sinatra,I've Got A Crush On You - Remastered 2006,1930s
https://open.spotify.com/playlist/2webFRRyZuTUdw9KrMKT63?si=08ee3c375cba4319,Frank Sinatra,Sunflower,1930s
https://open.spotify.com/playlist/2webFRRyZuTUdw9KrMKT63?si=08ee3c375cba4319,Al Bowlly,You're as Pretty as a Picture,1930s
https://open.spotify.com/playlist/2webFRRyZuTUdw9KrMKT63?si=08ee3c375cba4319,Dion & The Belmonts,A Teenager In Love,1930s
https://open.spotify.com/playlist/2webFRRyZuTUdw9KrMKT63?si=08ee3c375cba4319,Ella Fitzgerald,I've Got A Crush On You,1930s
https://open.spotify.com/playlist/2webFRRyZuTUdw9KrMKT63?si=08ee3c375cba4319,The Chordettes,Eddie My Love - 1956 #14 Billboard chart hit,1930s
https://open.spotify.com/playlist/2webFRRyZuTUdw9KrMKT63?si=08ee3c375cba4319,Nat King Cole Trio,I Miss You So,1930s
https://open.spotify.com/playlist/2webFRRyZuTUdw9KrMKT63?si=08ee3c375cba4319,The Mills Brothers,Nevertheless (I'm In Love With You) - 1958 version,1930s
https://open.spotify.com/playlist/2webFRRyZuTUdw9KrMKT63?si=08ee3c375cba4319,Doris Day,"It's Been a Long, Long Time",1930s
https://open.spotify.com/playlist/2webFRRyZuTUdw9KrMKT63?si=08ee3c375cba4319,The Fleetwoods,Mr. Blue,1930s
https://open.spotify.com/playlist/2webFRRyZuTUdw9KrMKT63?si=08ee3c375cba4319,Tommy Dorsey,I'll Never Smile Again,1930s
https://open.spotify.com/playlist/2webFRRyZuTUdw9KrMKT63?si=08ee3c375cba4319,The Pied Pipers,Dream - 1991 Digital Remaster,1930s
https://open.spotify.com/playlist/2webFRRyZuTUdw9KrMKT63?si=08ee3c375cba4319,Ella Fitzgerald,These Foolish Things (Remind Me Of You),1930s
https://open.spotify.com/playlist/2webFRRyZuTUdw9KrMKT63?si=08ee3c375cba4319,Dion & The Belmonts,I'm Through With Love,1930s
https://open.spotify.com/playlist/2webFRRyZuTUdw9KrMKT63?si=08ee3c375cba4319,Bobby Vinton,Laughing on the Outside (Crying on the Inside),1930s
https://open.spotify.com/playlist/2webFRRyZuTUdw9KrMKT63?si=08ee3c375cba4319,Ricky Nelson,I Will Follow You,1930s
https://open.spotify.com/playlist/2webFRRyZuTUdw9KrMKT63?si=08ee3c375cba4319,Bing Crosby,"It’s Been a Long, Long Time",1930s
https://open.spotify.com/playlist/1KTSHAsbCgSnZLMdXp52Ln?si=93366e637d9349ca,Frank Sinatra,I Don't Know Why,1940s
https://open.spotify.com/playlist/1KTSHAsbCgSnZLMdXp52Ln?si=93366e637d9349ca,Artie Shaw,Frenesi,1940s
https://open.spotify.com/playlist/1KTSHAsbCgSnZLMdXp52Ln?si=93366e637d9349ca,The Andrews Sisters,Rum & Coca Cola,1940s
https://open.spotify.com/playlist/1KTSHAsbCgSnZLMdXp52Ln?si=93366e637d9349ca,Frank Sinatra,There's No You (with The Bobby Tucker Singers),1940s
https://open.spotify.com/playlist/1KTSHAsbCgSnZLMdXp52Ln?si=93366e637d9349ca,Doris Day,Again (with The Mellomen),1940s
https://open.spotify.com/playlist/1KTSHAsbCgSnZLMdXp52Ln?si=93366e637d9349ca,Solisti e Orchestre del Cinema Italiano,"Amapola, Pt. 2",1940s
https://open.spotify.com/playlist/1KTSHAsbCgSnZLMdXp52Ln?si=93366e637d9349ca,Charlie Parker,Dancing In The Dark - With Studio Chatter,1940s
https://open.spotify.com/playlist/1KTSHAsbCgSnZLMdXp52Ln?si=93366e637d9349ca,Charlie Parker,I'm In The Mood For Love,1940s
https://open.spotify.com/playlist/1KTSHAsbCgSnZLMdXp52Ln?si=93366e637d9349ca,Frank Sinatra,I'll Never Smile Again,1940s
https://open.spotify.com/playlist/1KTSHAsbCgSnZLMdXp52Ln?si=93366e637d9349ca,Johnny Mercer,Candy,1940s
https://open.spotify.com/playlist/1KTSHAsbCgSnZLMdXp52Ln?si=93366e637d9349ca,Kitty Kallen,"It's Been a Long, Long Time (with Harry James & His Orchestra)",1940s
https://open.spotify.com/playlist/1KTSHAsbCgSnZLMdXp52Ln?si=93366e637d9349ca,Vera Lynn,We'll Meet Again,1940s
https://open.spotify.com/playlist/431BefAztO1PGCR4yd6PXL?si=231a737083dc4906,Nat King Cole,Unforgettable,1950s
https://open.spotify.com/playlist/431BefAztO1PGCR4yd6PXL?si=231a737083dc4906,Ruby Murray,I'll Come When You Call,1950s
https://open.spotify.com/playlist/431BefAztO1PGCR4yd6PXL?si=231a737083dc4906,The Mills Brothers,Nevertheless (I'm In Love With You) - Single Version,1950s
https://open.spotify.com/playlist/431BefAztO1PGCR4yd6PXL?si=231a737083dc4906,Kay Starr,If You Love Me (Really Love Me),1950s
https://open.spotify.com/playlist/431BefAztO1PGCR4yd6PXL?si=231a737083dc4906,Doris Day,Fly Me to the Moon (In Other Words),1950s
https://open.spotify.com/playlist/431BefAztO1PGCR4yd6PXL?si=231a737083dc4906,Doris Day,Dream a Little Dream of Me (with Paul Weston & His Music From Hollywood),1950s
https://open.spotify.com/playlist/431BefAztO1PGCR4yd6PXL?si=231a737083dc4906,Louis Armstrong,La Vie En Rose - Single Version,1950s
https://open.spotify.com/playlist/431BefAztO1PGCR4yd6PXL?si=231a737083dc4906,Frank Sinatra,The Way You Look Tonight,1950s
https://open.spotify.com/playlist/431BefAztO1PGCR4yd6PXL?si=231a737083dc4906,Nat King Cole,When I Fall In Love,1950s
https://open.spotify.com/playlist/431BefAztO1PGCR4yd6PXL?si=231a737083dc4906,The Andrews Sisters,"I Can Dream, Can't I?",1950s
https://open.spotify.com/playlist/431BefAztO1PGCR4yd6PXL?si=231a737083dc4906,Guy Mitchell,My Heart Cries For You,1950s
https://open.spotify.com/playlist/431BefAztO1PGCR4yd6PXL?si=231a737083dc4906,The Ames Brothers,"You, You, You",1950s
https://open.spotify.com/playlist/431BefAztO1PGCR4yd6PXL?si=231a737083dc4906,Doris Day,Secret Love,1950s
https://open.spotify.com/playlist/431BefAztO1PGCR4yd6PXL?si=231a737083dc4906,Eddie Fisher,I Need You Now - 2001 Remastered,1950s
https://open.spotify.com/playlist/431BefAztO1PGCR4yd6PXL?si=231a737083dc4906,Perry Como,No Other Love (with Henri René & His Orchestra and Chorus),1950s
https://open.spotify.com/playlist/431BefAztO1PGCR4yd6PXL?si=231a737083dc4906,Nat King Cole,Too Young,1950s
https://open.spotify.com/playlist/431BefAztO1PGCR4yd6PXL?si=231a737083dc4906,Nat King Cole,Love Letters,1950s
https://open.spotify.com/playlist/431BefAztO1PGCR4yd6PXL?si=231a737083dc4906,Nat King Cole,"Answer Me, My Love",1950s
https://open.spotify.com/playlist/431BefAztO1PGCR4yd6PXL?si=231a737083dc4906,Nat King Cole,Smile,1950s
https://open.spotify.com/playlist/431BefAztO1PGCR4yd6PXL?si=231a737083dc4906,Frank Sinatra,Come Fly With Me - Remastered 1998,1950s
https://open.spotify.com/playlist/431BefAztO1PGCR4yd6PXL?si=231a737083dc4906,Frank Sinatra,I've Got You Under My Skin,1950s
https://open.spotify.com/playlist/431BefAztO1PGCR4yd6PXL?si=231a737083dc4906,Frank Sinatra,P.S. I Love You - Remastered,1950s
https://open.spotify.com/playlist/431BefAztO1PGCR4yd6PXL?si=231a737083dc4906,Frank Sinatra,"You, My Love",1950s
https://open.spotify.com/playlist/431BefAztO1PGCR4yd6PXL?si=231a737083dc4906,Frank Sinatra,You'll Always Be The One I Love,1950s
https://open.spotify.com/playlist/431BefAztO1PGCR4yd6PXL?si=231a737083dc4906,Dean Martin,You're Nobody 'Til Somebody Loves You - Remastered/1997,1950s
https://open.spotify.com/playlist/431BefAztO1PGCR4yd6PXL?si=231a737083dc4906,Dean Martin,From the Bottom of My Heart,1950s
https://open.spotify.com/playlist/431BefAztO1PGCR4yd6PXL?si=231a737083dc4906,Dean Martin,I Can't Help Remembering You,1950s
https://open.spotify.com/playlist/431BefAztO1PGCR4yd6PXL?si=231a737083dc4906,Dean Martin,Have A Little Sympathy,1950s
https://open.spotify.com/playlist/431BefAztO1PGCR4yd6PXL?si=231a737083dc4906,Dean Martin,Hangin' Around With You,1950s
https://open.spotify.com/playlist/431BefAztO1PGCR4yd6PXL?si=231a737083dc4906,Dean Martin,I Love The Way You Say Goodnight,1950s
https://open.spotify.com/playlist/431BefAztO1PGCR4yd6PXL?si=231a737083dc4906,Doris Day,"My Darling, My Darling",1950s
https://open.spotify.com/playlist/431BefAztO1PGCR4yd6PXL?si=231a737083dc4906,Doris Day,When I Fall In Love,1950s
https://open.spotify.com/playlist/431BefAztO1PGCR4yd6PXL?si=231a737083dc4906,Doris Day,I'll Never Stop Loving You (with Percy Faith & His Orchestra) - Mono,1950s
https://open.spotify.com/playlist/431BefAztO1PGCR4yd6PXL?si=231a737083dc4906,Doris Day,My Romance,1950s
https://open.spotify.com/playlist/431BefAztO1PGCR4yd6PXL?si=231a737083dc4906,Frank Sinatra,My Way,1950s
https://open.spotify.com/playlist/431BefAztO1PGCR4yd6PXL?si=231a737083dc4906,Andy Williams,"Moon River (From ""Breakfast at Tiffany's"")",1950s
https://open.spotify.com/playlist/431BefAztO1PGCR4yd6PXL?si=231a737083dc4906,The Penguins,Earth Angel,1950s
https://open.spotify.com/playlist/431BefAztO1PGCR4yd6PXL?si=231a737083dc4906,Frank Sinatra,"Theme From New York, New York - 2008 Remastered",1950s
https://open.spotify.com/playlist/431BefAztO1PGCR4yd6PXL?si=231a737083dc4906,Max Steiner,As time goes by - Complete vocal by Dooley Wilson,1950s
https://open.spotify.com/playlist/431BefAztO1PGCR4yd6PXL?si=231a737083dc4906,Kitty Kallen,"It's Been a Long, Long Time (with Harry James & His Orchestra)",1950s
https://open.spotify.com/playlist/431BefAztO1PGCR4yd6PXL?si=231a737083dc4906,Harry James,All Or Nothing At All,1950s
https://open.spotify.com/playlist/431BefAztO1PGCR4yd6PXL?si=231a737083dc4906,Bobby Darin,Beyond the Sea,1950s
https://open.spotify.com/playlist/431BefAztO1PGCR4yd6PXL?si=231a737083dc4906,Sam Cooke,You Send Me,1950s
https://open.spotify.com/playlist/431BefAztO1PGCR4yd6PXL?si=231a737083dc4906,Sam Cooke,Nothing Can Change This Love,1950s
https://open.spotify.com/playlist/431BefAztO1PGCR4yd6PXL?si=231a737083dc4906,Johnny Mathis,Chances Are (with Ray Conniff & His Orchestra),1950s
https://open.spotify.com/playlist/431BefAztO1PGCR4yd6PXL?si=231a737083dc4906,Johnny Mathis,It's Not For Me To Say,1950s
https://open.spotify.com/playlist/431BefAztO1PGCR4yd6PXL?si=231a737083dc4906,Peggy Lee,Linger In My Arms A Little Longer Baby,1950s
https://open.spotify.com/playlist/431BefAztO1PGCR4yd6PXL?si=231a737083dc4906,Mel Tormé,You're Getting To Be A Habit With Me - Remastered,1950s
https://open.spotify.com/playlist/431BefAztO1PGCR4yd6PXL?si=231a737083dc4906,Billie Holiday,All of Me,1950s
https://open.spotify.com/playlist/431BefAztO1PGCR4yd6PXL?si=231a737083dc4906,Dean Martin,Blue Moon,1950s
https://open.spotify.com/playlist/431BefAztO1PGCR4yd6PXL?si=231a737083dc4906,Julie London,I'm In The Mood For Love,1950s
https://open.spotify.com/playlist/431BefAztO1PGCR4yd6PXL?si=231a737083dc4906,Ella Fitzgerald,I've Got A Crush On You,1950s
https://open.spotify.com/playlist/431BefAztO1PGCR4yd6PXL?si=231a737083dc4906,Jo Stafford,Some Enchanted Evening,1950s
https://open.spotify.com/playlist/431BefAztO1PGCR4yd6PXL?si=231a737083dc4906,Jo Stafford,The Things We Did Last Summer - Remastered 1991,1950s
https://open.spotify.com/playlist/431BefAztO1PGCR4yd6PXL?si=231a737083dc4906,Jo Stafford,I Never Loved Anyone - Remastered 1991,1950s
https://open.spotify.com/playlist/431BefAztO1PGCR4yd6PXL?si=231a737083dc4906,Ella Fitzgerald,But Not For Me,1950s
https://open.spotify.com/playlist/431BefAztO1PGCR4yd6PXL?si=231a737083dc4906,The Mills Brothers,You Always Hurt The One You Love,1950s
https://open.spotify.com/playlist/431BefAztO1PGCR4yd6PXL?si=231a737083dc4906,Frank Sinatra,Try A Little Tenderness - 2020 Mix,1950s
https://open.spotify.com/playlist/431BefAztO1PGCR4yd6PXL?si=231a737083dc4906,Dean Martin,Everybody Loves Somebody,1950s
https://open.spotify.com/playlist/431BefAztO1PGCR4yd6PXL?si=231a737083dc4906,Eartha Kitt,"Smoke Gets In Your Eyes (From ""Roberta"")",1950s
https://open.spotify.com/playlist/431BefAztO1PGCR4yd6PXL?si=231a737083dc4906,Doris Day,Again (with The Mellomen),1950s
https://open.spotify.com/playlist/431BefAztO1PGCR4yd6PXL?si=231a737083dc4906,Ella Fitzgerald,Cheek To Cheek,1950s
https://open.spotify.com/playlist/37i9dQZF1DWYUCqLrWKr4p?si=9231af5a094b4d58,Ben E. King,Stand by Me,1960s
https://open.spotify.com/playlist/37i9dQZF1DWYUCqLrWKr4p?si=9231af5a094b4d58,The Temptations,My Girl,1960s
https://open.spotify.com/playlist/37i9dQZF1DWYUCqLrWKr4p?si=9231af5a094b4d58,Etta James,At Last,1960s
https://open.spotify.com/playlist/37i9dQZF1DWYUCqLrWKr4p?si=9231af5a094b4d58,The Turtles,Happy Together,1960s
https://open.spotify.com/playlist/37i9dQZF1DWYUCqLrWKr4p?si=9231af5a094b4d58,The Righteous Brothers,Unchained Melody,1960s
https://open.spotify.com/playlist/37i9dQZF1DWYUCqLrWKr4p?si=9231af5a094b4d58,Nat King Cole,L-O-V-E,1960s
https://open.spotify.com/playlist/37i9dQZF1DWYUCqLrWKr4p?si=9231af5a094b4d58,The Mamas & The Papas,Dream A Little Dream Of Me,1960s
https://open.spotify.com/playlist/37i9dQZF1DWYUCqLrWKr4p?si=9231af5a094b4d58,Frankie Valli,Can't Take My Eyes off You,1960s
https://open.spotify.com/playlist/37i9dQZF1DWYUCqLrWKr4p?si=9231af5a094b4d58,Frank Sinatra,Strangers In The Night,1960s
https://open.spotify.com/playlist/37i9dQZF1DWYUCqLrWKr4p?si=9231af5a094b4d58,Aretha Franklin,(You Make Me Feel Like) A Natural Woman,1960s
https://open.spotify.com/playlist/37i9dQZF1DWYUCqLrWKr4p?si=9231af5a094b4d58,Bee Gees,To Love Somebody,1960s
https://open.spotify.com/playlist/37i9dQZF1DWYUCqLrWKr4p?si=9231af5a094b4d58,The Ronettes,Be My Baby,1960s
https://open.spotify.com/playlist/37i9dQZF1DWYUCqLrWKr4p?si=9231af5a094b4d58,Percy Sledge,When a Man Loves a Woman,1960s
https://open.spotify.com/playlist/37i9dQZF1DWYUCqLrWKr4p?si=9231af5a094b4d58,The Drifters,Under the Boardwalk,1960s
https://open.spotify.com/playlist/37i9dQZF1DWYUCqLrWKr4p?si=9231af5a094b4d58,The Everly Brothers,All I Have to Do Is Dream,1960s
https://open.spotify.com/playlist/37i9dQZF1DWYUCqLrWKr4p?si=9231af5a094b4d58,Sam Cooke,Bring It On Home to Me,1960s
https://open.spotify.com/playlist/37i9dQZF1DWYUCqLrWKr4p?si=9231af5a094b4d58,Stevie Wonder,My Cherie Amour,1960s
https://open.spotify.com/playlist/37i9dQZF1DWYUCqLrWKr4p?si=9231af5a094b4d58,The Archies,"Sugar, Sugar",1960s
https://open.spotify.com/playlist/37i9dQZF1DWYUCqLrWKr4p?si=9231af5a094b4d58,The Shirelles,Will You Love Me Tomorrow,1960s
https://open.spotify.com/playlist/37i9dQZF1DWYUCqLrWKr4p?si=9231af5a094b4d58,Four Tops,Baby I Need Your Loving,1960s
https://open.spotify.com/playlist/37i9dQZF1DWYUCqLrWKr4p?si=9231af5a094b4d58,Etta James,Something's Got A Hold On Me,1960s
https://open.spotify.com/playlist/37i9dQZF1DWYUCqLrWKr4p?si=9231af5a094b4d58,Aretha Franklin,You Send Me,1960s
https://open.spotify.com/playlist/37i9dQZF1DWYUCqLrWKr4p?si=9231af5a094b4d58,Jackie Wilson,(Your Love Keeps Lifting Me) Higher & Higher,1960s
https://open.spotify.com/playlist/37i9dQZF1DWYUCqLrWKr4p?si=9231af5a094b4d58,The Drifters,Save the Last Dance for Me,1960s
https://open.spotify.com/playlist/37i9dQZF1DWYUCqLrWKr4p?si=9231af5a094b4d58,Roberta Flack,The First Time Ever I Saw Your Face,1960s
https://open.spotify.com/playlist/37i9dQZF1DWYUCqLrWKr4p?si=9231af5a094b4d58,The Mamas & The Papas,Dedicated To The One I Love,1960s
https://open.spotify.com/playlist/37i9dQZF1DWYUCqLrWKr4p?si=9231af5a094b4d58,Marvin Gaye,It Takes Two,1960s
https://open.spotify.com/playlist/37i9dQZF1DWYUCqLrWKr4p?si=9231af5a094b4d58,Etta James,I Just Want To Make Love To You - Single Version,1960s
https://open.spotify.com/playlist/37i9dQZF1DWYUCqLrWKr4p?si=9231af5a094b4d58,The Chiffons,One Fine Day,1960s
https://open.spotify.com/playlist/37i9dQZF1DWYUCqLrWKr4p?si=9231af5a094b4d58,The Righteous Brothers,You've Lost That Lovin' Feelin' - Single Version,1960s
https://open.spotify.com/playlist/37i9dQZF1DWYUCqLrWKr4p?si=9231af5a094b4d58,Maurice Williams & The Zodiacs,Stay - Rerecorded,1960s
https://open.spotify.com/playlist/37i9dQZF1DWYUCqLrWKr4p?si=9231af5a094b4d58,Frank Sinatra,Fly Me To The Moon (In Other Words),1960s
https://open.spotify.com/playlist/37i9dQZF1DWYUCqLrWKr4p?si=9231af5a094b4d58,Sam Cooke,Nothing Can Change This Love,1960s
https://open.spotify.com/playlist/37i9dQZF1DWYUCqLrWKr4p?si=9231af5a094b4d58,Bee Gees,Words,1960s
https://open.spotify.com/playlist/37i9dQZF1DWYUCqLrWKr4p?si=9231af5a094b4d58,Four Tops,"I Can't Help Myself (Sugar Pie, Honey Bunch)",1960s
https://open.spotify.com/playlist/37i9dQZF1DWYUCqLrWKr4p?si=9231af5a094b4d58,The Delfonics,La-La Means I Love You,1960s
https://open.spotify.com/playlist/37i9dQZF1DWYUCqLrWKr4p?si=9231af5a094b4d58,Marvin Gaye,You're All I Need To Get By,1960s
https://open.spotify.com/playlist/37i9dQZF1DWYUCqLrWKr4p?si=9231af5a094b4d58,The Dixie Cups,Chapel Of Love,1960s
https://open.spotify.com/playlist/37i9dQZF1DWYUCqLrWKr4p?si=9231af5a094b4d58,The Chiffons,He's So Fine - Remastered 2000,1960s
https://open.spotify.com/playlist/37i9dQZF1DWYUCqLrWKr4p?si=9231af5a094b4d58,Sonny & Cher,I Got You Babe,1960s
https://open.spotify.com/playlist/37i9dQZF1DWYUCqLrWKr4p?si=9231af5a094b4d58,Jackie Wilson,I Get The Sweetest Feeling,1960s
https://open.spotify.com/playlist/37i9dQZF1DWYUCqLrWKr4p?si=9231af5a094b4d58,Ricky Nelson,I Will Follow You,1960s
https://open.spotify.com/playlist/37i9dQZF1DWYUCqLrWKr4p?si=9231af5a094b4d58,Marvin Gaye,How Sweet It Is (To Be Loved By You),1960s
https://open.spotify.com/playlist/37i9dQZF1DWYUCqLrWKr4p?si=9231af5a094b4d58,The Drifters,Saturday Night at the Movies,1960s
https://open.spotify.com/playlist/37i9dQZF1DWYUCqLrWKr4p?si=9231af5a094b4d58,Erma Franklin,Piece of My Heart,1960s
https://open.spotify.com/playlist/37i9dQZF1DWYUCqLrWKr4p?si=9231af5a094b4d58,Peggy Lee,Till There Was You - Remastered,1960s
https://open.spotify.com/playlist/37i9dQZF1DWYUCqLrWKr4p?si=9231af5a094b4d58,Aretha Franklin,I Never Loved a Man (The Way I Love You),1960s
https://open.spotify.com/playlist/37i9dQZF1DWYUCqLrWKr4p?si=9231af5a094b4d58,Bobby Vinton,Blue Velvet,1960s
https://open.spotify.com/playlist/37i9dQZF1DWYUCqLrWKr4p?si=9231af5a094b4d58,Al Martino,Spanish Eyes,1960s
https://open.spotify.com/playlist/37i9dQZF1DWYUCqLrWKr4p?si=9231af5a094b4d58,Diana Ross & The Supremes,Someday We'll Be Together,1960s
https://open.spotify.com/playlist/37i9dQZF1DWYUCqLrWKr4p?si=9231af5a094b4d58,Patsy Cline,You Belong To Me,1960s
https://open.spotify.com/playlist/37i9dQZF1DWYUCqLrWKr4p?si=9231af5a094b4d58,The Drifters,This Magic Moment,1960s
https://open.spotify.com/playlist/37i9dQZF1DWYUCqLrWKr4p?si=9231af5a094b4d58,Elvis Presley,Can't Help Falling In Love - with The Royal Philharmonic Orchestra,1960s
https://open.spotify.com/playlist/37i9dQZF1DWYUCqLrWKr4p?si=9231af5a094b4d58,Dinah Washington,Mad About The Boy,1960s
https://open.spotify.com/playlist/37i9dQZF1DWYUCqLrWKr4p?si=9231af5a094b4d58,Jay & The Americans,This Magic Moment,1960s
https://open.spotify.com/playlist/37i9dQZF1DWYUCqLrWKr4p?si=9231af5a094b4d58,Mary Wells,My Guy - Single Version,1960s
https://open.spotify.com/playlist/37i9dQZF1DWYUCqLrWKr4p?si=9231af5a094b4d58,Betty Everett,It's In The Kiss (The Shoop Shoop Song),1960s
https://open.spotify.com/playlist/37i9dQZF1DWYUCqLrWKr4p?si=9231af5a094b4d58,Diana Ross & The Supremes,I'm Gonna Make You Love Me,1960s
https://open.spotify.com/playlist/37i9dQZF1DWYUCqLrWKr4p?si=9231af5a094b4d58,Darlene Love,(Today I Met) The Boy I'm Gonna Marry,1960s
https://open.spotify.com/playlist/37i9dQZF1DWYUCqLrWKr4p?si=9231af5a094b4d58,Johnny Tillotson,Poetry In Motion - 1960 #2 Billboard chart hit,1960s
https://open.spotify.com/playlist/37i9dQZF1DWYUCqLrWKr4p?si=9231af5a094b4d58,Rosie & The Originals,Angel Baby,1960s
https://open.spotify.com/playlist/37i9dQZF1DWYUCqLrWKr4p?si=9231af5a094b4d58,Bobby Vinton,I Love How You Love Me,1960s
https://open.spotify.com/playlist/37i9dQZF1DWYUCqLrWKr4p?si=9231af5a094b4d58,The Marvelettes,Forever,1960s
https://open.spotify.com/playlist/37i9dQZF1DWYUCqLrWKr4p?si=9231af5a094b4d58,Gary Puckett & The Union Gap,Lady Willpower,1960s
https://open.spotify.com/playlist/37i9dQZF1DWYUCqLrWKr4p?si=9231af5a094b4d58,Dusty Springfield,The Look Of Love,1960s
https://open.spotify.com/playlist/37i9dQZF1DWYUCqLrWKr4p?si=9231af5a094b4d58,The Everly Brothers,('Til) I Kissed You,1960s
https://open.spotify.com/playlist/37i9dQZF1DWYUCqLrWKr4p?si=9231af5a094b4d58,Cliff Richard,When the Girl in Your Arms Is the Girl in Your Heart - 2005 Remaster,1960s
https://open.spotify.com/playlist/37i9dQZF1DWYUCqLrWKr4p?si=9231af5a094b4d58,Paul & Paula,Hey Paula,1960s
https://open.spotify.com/playlist/37i9dQZF1DWYUCqLrWKr4p?si=9231af5a094b4d58,Sam & Dave,When Something Is Wrong with My Baby,1960s
https://open.spotify.com/playlist/37i9dQZF1DWYUCqLrWKr4p?si=9231af5a094b4d58,Ben E. King,Come Closer to Me,1960s
https://open.spotify.com/playlist/37i9dQZF1DWYUCqLrWKr4p?si=9231af5a094b4d58,Diana Ross & The Supremes,Love Child,1960s
https://open.spotify.com/playlist/37i9dQZF1DWYUCqLrWKr4p?si=9231af5a094b4d58,The Marvelettes,When You're Young And In Love,1960s
https://open.spotify.com/playlist/37i9dQZF1DWYUCqLrWKr4p?si=9231af5a094b4d58,Mel Carter,You Can Count On Me,1960s
https://open.spotify.com/playlist/37i9dQZF1DWY373eEGlSj4?si=02b1f17f991141c3,Fleetwood Mac,Dreams - 2004 Remaster,1970s
https://open.spotify.com/playlist/37i9dQZF1DWY373eEGlSj4?si=02b1f17f991141c3,Elton John,Your Song,1970s
https://open.spotify.com/playlist/37i9dQZF1DWY373eEGlSj4?si=02b1f17f991141c3,Bobby Caldwell,What You Won't Do for Love,1970s
https://open.spotify.com/playlist/37i9dQZF1DWY373eEGlSj4?si=02b1f17f991141c3,John Lennon,Imagine - Remastered 2010,1970s
https://open.spotify.com/playlist/37i9dQZF1DWY373eEGlSj4?si=02b1f17f991141c3,Chicago,If You Leave Me Now,1970s
https://open.spotify.com/playlist/37i9dQZF1DWY373eEGlSj4?si=02b1f17f991141c3,Carly Simon,You're so Vain,1970s
https://open.spotify.com/playlist/37i9dQZF1DWY373eEGlSj4?si=02b1f17f991141c3,Commodores,Easy,1970s
https://open.spotify.com/playlist/37i9dQZF1DWY373eEGlSj4?si=02b1f17f991141c3,Eric Clapton,Wonderful Tonight,1970s
https://open.spotify.com/playlist/37i9dQZF1DWY373eEGlSj4?si=02b1f17f991141c3,Al Green,Let's Stay Together,1970s
https://open.spotify.com/playlist/37i9dQZF1DWY373eEGlSj4?si=02b1f17f991141c3,Bee Gees,How Deep Is Your Love,1970s
https://open.spotify.com/playlist/37i9dQZF1DWY373eEGlSj4?si=02b1f17f991141c3,Jim Croce,Time in a Bottle,1970s
https://open.spotify.com/playlist/37i9dQZF1DWY373eEGlSj4?si=02b1f17f991141c3,Roberta Flack,Killing Me Softly With His Song,1970s
https://open.spotify.com/playlist/37i9dQZF1DWY373eEGlSj4?si=02b1f17f991141c3,Billy Joel,Just the Way You Are,1970s
https://open.spotify.com/playlist/37i9dQZF1DWY373eEGlSj4?si=02b1f17f991141c3,John Denver,Annie's Song,1970s
https://open.spotify.com/playlist/37i9dQZF1DWY373eEGlSj4?si=02b1f17f991141c3,Bread,Everything I Own,1970s
https://open.spotify.com/playlist/37i9dQZF1DWY373eEGlSj4?si=02b1f17f991141c3,Simon & Garfunkel,Bridge Over Troubled Water,1970s
https://open.spotify.com/playlist/37i9dQZF1DWY373eEGlSj4?si=02b1f17f991141c3,Elvis Presley,Always On My Mind,1970s
https://open.spotify.com/playlist/37i9dQZF1DWY373eEGlSj4?si=02b1f17f991141c3,Stevie Wonder,You Are The Sunshine Of My Life,1970s
https://open.spotify.com/playlist/37i9dQZF1DWY373eEGlSj4?si=02b1f17f991141c3,Carole King,It's Too Late,1970s
https://open.spotify.com/playlist/37i9dQZF1DWY373eEGlSj4?si=02b1f17f991141c3,10cc,I'm Not In Love,1970s
https://open.spotify.com/playlist/37i9dQZF1DWY373eEGlSj4?si=02b1f17f991141c3,England Dan & John Ford Coley,I'd Really Love to See You Tonight,1970s
https://open.spotify.com/playlist/37i9dQZF1DWY373eEGlSj4?si=02b1f17f991141c3,The Bellamy Brothers,Let Your Love Flow,1970s
https://open.spotify.com/playlist/37i9dQZF1DWY373eEGlSj4?si=02b1f17f991141c3,Player,Baby Come Back,1970s
https://open.spotify.com/playlist/37i9dQZF1DWY373eEGlSj4?si=02b1f17f991141c3,ABBA,Fernando,1970s
https://open.spotify.com/playlist/37i9dQZF1DWY373eEGlSj4?si=02b1f17f991141c3,Barry White,"Can't Get Enough Of Your Love, Babe",1970s
https://open.spotify.com/playlist/37i9dQZF1DWY373eEGlSj4?si=02b1f17f991141c3,Barry Manilow,Mandy,1970s
https://open.spotify.com/playlist/37i9dQZF1DWY373eEGlSj4?si=02b1f17f991141c3,Daryl Hall & John Oates,Sara Smile,1970s
https://open.spotify.com/playlist/37i9dQZF1DWY373eEGlSj4?si=02b1f17f991141c3,Eagles,Desperado - 2013 Remaster,1970s
https://open.spotify.com/playlist/37i9dQZF1DWY373eEGlSj4?si=02b1f17f991141c3,Harry Nilsson,Without You,1970s
https://open.spotify.com/playlist/37i9dQZF1DWY373eEGlSj4?si=02b1f17f991141c3,Little River Band,Reminiscing - Remastered 2022,1970s
https://open.spotify.com/playlist/37i9dQZF1DWY373eEGlSj4?si=02b1f17f991141c3,"Earth, Wind & Fire",After the Love Has Gone,1970s
https://open.spotify.com/playlist/37i9dQZF1DWY373eEGlSj4?si=02b1f17f991141c3,James Taylor,You've Got a Friend - 2019 Remaster,1970s
https://open.spotify.com/playlist/37i9dQZF1DWY373eEGlSj4?si=02b1f17f991141c3,John Paul Young,Love Is In The Air,1970s
https://open.spotify.com/playlist/37i9dQZF1DWY373eEGlSj4?si=02b1f17f991141c3,Rod Stewart,Sailing,1970s
https://open.spotify.com/playlist/37i9dQZF1DWY373eEGlSj4?si=02b1f17f991141c3,Carpenters,Yesterday Once More,1970s
https://open.spotify.com/playlist/37i9dQZF1DWY373eEGlSj4?si=02b1f17f991141c3,Billy Paul,Me and Mrs. Jones,1970s
https://open.spotify.com/playlist/37i9dQZF1DWY373eEGlSj4?si=02b1f17f991141c3,Daryl Hall & John Oates,She's Gone,1970s
https://open.spotify.com/playlist/37i9dQZF1DWY373eEGlSj4?si=02b1f17f991141c3,Lobo,I'd Love You to Want Me,1970s
https://open.spotify.com/playlist/37i9dQZF1DWY373eEGlSj4?si=02b1f17f991141c3,10cc,The Things We Do For Love,1970s
https://open.spotify.com/playlist/37i9dQZF1DWY373eEGlSj4?si=02b1f17f991141c3,Captain & Tennille,Do That To Me One More Time,1970s
https://open.spotify.com/playlist/37i9dQZF1DWY373eEGlSj4?si=02b1f17f991141c3,Styx,Babe,1970s
https://open.spotify.com/playlist/37i9dQZF1DWY373eEGlSj4?si=02b1f17f991141c3,The Hollies,The Air That I Breathe - 2008 Remaster,1970s
https://open.spotify.com/playlist/37i9dQZF1DWY373eEGlSj4?si=02b1f17f991141c3,Dolly Parton,Here You Come Again,1970s
https://open.spotify.com/playlist/37i9dQZF1DWY373eEGlSj4?si=02b1f17f991141c3,The Jackson 5,I'll Be There,1970s
https://open.spotify.com/playlist/37i9dQZF1DWY373eEGlSj4?si=02b1f17f991141c3,Neil Sedaka,Laughter In The Rain,1970s
https://open.spotify.com/playlist/37i9dQZF1DWY373eEGlSj4?si=02b1f17f991141c3,Fleetwood Mac,Songbird - 2004 Remaster,1970s
https://open.spotify.com/playlist/37i9dQZF1DWY373eEGlSj4?si=02b1f17f991141c3,Dr. Hook,Sharing The Night Together,1970s
https://open.spotify.com/playlist/37i9dQZF1DWY373eEGlSj4?si=02b1f17f991141c3,Carole King,You've Got a Friend,1970s
https://open.spotify.com/playlist/37i9dQZF1DWY373eEGlSj4?si=02b1f17f991141c3,Dionne Warwick,I'll Never Love This Way Again,1970s
https://open.spotify.com/playlist/37i9dQZF1DWY373eEGlSj4?si=02b1f17f991141c3,Eagles,I Can't Tell You Why - 2013 Remaster,1970s
https://open.spotify.com/playlist/37i9dQZF1DXc3KygMa1OE7?si=d5ac64afe4b44c5e,The Police,Every Breath You Take,1980s
https://open.spotify.com/playlist/37i9dQZF1DXc3KygMa1OE7?si=d5ac64afe4b44c5e,Whitney Houston,I Wanna Dance with Somebody (Who Loves Me),1980s
https://open.spotify.com/playlist/37i9dQZF1DXc3KygMa1OE7?si=d5ac64afe4b44c5e,Foreigner,I Want to Know What Love Is - 1999 Remaster,1980s
https://open.spotify.com/playlist/37i9dQZF1DXc3KygMa1OE7?si=d5ac64afe4b44c5e,George Michael,Careless Whisper,1980s
https://open.spotify.com/playlist/37i9dQZF1DXc3KygMa1OE7?si=d5ac64afe4b44c5e,U2,With Or Without You - Remastered,1980s
https://open.spotify.com/playlist/37i9dQZF1DXc3KygMa1OE7?si=d5ac64afe4b44c5e,Rick Astley,Never Gonna Give You Up,1980s
https://open.spotify.com/playlist/37i9dQZF1DXc3KygMa1OE7?si=d5ac64afe4b44c5e,Chris Isaak,Wicked Game,1980s
https://open.spotify.com/playlist/37i9dQZF1DXc3KygMa1OE7?si=d5ac64afe4b44c5e,Bryan Adams,Heaven,1980s
https://open.spotify.com/playlist/37i9dQZF1DXc3KygMa1OE7?si=d5ac64afe4b44c5e,Starship,Nothing's Gonna Stop Us Now,1980s
https://open.spotify.com/playlist/37i9dQZF1DXc3KygMa1OE7?si=d5ac64afe4b44c5e,Phil Collins,You Can't Hurry Love - 2016 Remaster,1980s
https://open.spotify.com/playlist/37i9dQZF1DXc3KygMa1OE7?si=d5ac64afe4b44c5e,Kim Carnes,Bette Davis Eyes,1980s
https://open.spotify.com/playlist/37i9dQZF1DXc3KygMa1OE7?si=d5ac64afe4b44c5e,Cutting Crew,(I Just) Died In Your Arms,1980s
https://open.spotify.com/playlist/37i9dQZF1DXc3KygMa1OE7?si=d5ac64afe4b44c5e,The Outfield,Your Love,1980s
https://open.spotify.com/playlist/37i9dQZF1DXc3KygMa1OE7?si=d5ac64afe4b44c5e,Richard Marx,Right Here Waiting,1980s
https://open.spotify.com/playlist/37i9dQZF1DXc3KygMa1OE7?si=d5ac64afe4b44c5e,Phil Collins,Against All Odds (Take a Look at Me Now) - 2016 Remaster,1980s
https://open.spotify.com/playlist/37i9dQZF1DXc3KygMa1OE7?si=d5ac64afe4b44c5e,Chris de Burgh,The Lady In Red,1980s
https://open.spotify.com/playlist/37i9dQZF1DXc3KygMa1OE7?si=d5ac64afe4b44c5e,Stevie Wonder,I Just Called To Say I Love You,1980s
https://open.spotify.com/playlist/37i9dQZF1DXc3KygMa1OE7?si=d5ac64afe4b44c5e,Heart,Alone,1980s
https://open.spotify.com/playlist/37i9dQZF1DXc3KygMa1OE7?si=d5ac64afe4b44c5e,Tracy Chapman,Baby Can I Hold You,1980s
https://open.spotify.com/playlist/37i9dQZF1DXc3KygMa1OE7?si=d5ac64afe4b44c5e,Eric Carmen,"Hungry Eyes - From ""Dirty Dancing"" Soundtrack",1980s
https://open.spotify.com/playlist/37i9dQZF1DXc3KygMa1OE7?si=d5ac64afe4b44c5e,Elton John,Sacrifice,1980s
https://open.spotify.com/playlist/37i9dQZF1DXc3KygMa1OE7?si=d5ac64afe4b44c5e,Berlin,"Take My Breath Away - Love Theme from ""Top Gun""",1980s
https://open.spotify.com/playlist/37i9dQZF1DXc3KygMa1OE7?si=d5ac64afe4b44c5e,REO Speedwagon,Can't Fight This Feeling,1980s
https://open.spotify.com/playlist/37i9dQZF1DXc3KygMa1OE7?si=d5ac64afe4b44c5e,Chicago,You're the Inspiration - 2006 Remaster,1980s
https://open.spotify.com/playlist/37i9dQZF1DXc3KygMa1OE7?si=d5ac64afe4b44c5e,Peter Cetera,Glory of Love,1980s
https://open.spotify.com/playlist/37i9dQZF1DXc3KygMa1OE7?si=d5ac64afe4b44c5e,Foreigner,Waiting for a Girl like You,1980s
https://open.spotify.com/playlist/37i9dQZF1DXc3KygMa1OE7?si=d5ac64afe4b44c5e,Marvin Gaye,Sexual Healing,1980s
https://open.spotify.com/playlist/37i9dQZF1DXc3KygMa1OE7?si=d5ac64afe4b44c5e,Simply Red,If You Don't Know Me by Now - 2008 Remaster,1980s
https://open.spotify.com/playlist/37i9dQZF1DXc3KygMa1OE7?si=d5ac64afe4b44c5e,Cher,If I Could Turn Back Time,1980s
https://open.spotify.com/playlist/37i9dQZF1DXc3KygMa1OE7?si=d5ac64afe4b44c5e,George Benson,Nothing's Gonna Change My Love for You,1980s
https://open.spotify.com/playlist/37i9dQZF1DXc3KygMa1OE7?si=d5ac64afe4b44c5e,REO Speedwagon,Keep on Loving You,1980s
https://open.spotify.com/playlist/37i9dQZF1DXc3KygMa1OE7?si=d5ac64afe4b44c5e,Irene Cara,What A Feeling,1980s
https://open.spotify.com/playlist/37i9dQZF1DXc3KygMa1OE7?si=d5ac64afe4b44c5e,John Waite,Missing You,1980s
https://open.spotify.com/playlist/37i9dQZF1DXc3KygMa1OE7?si=d5ac64afe4b44c5e,Christopher Cross,Arthur's Theme (Best That You Can Do),1980s
https://open.spotify.com/playlist/37i9dQZF1DXc3KygMa1OE7?si=d5ac64afe4b44c5e,The Cars,Drive - 2017 Remaster,1980s
https://open.spotify.com/playlist/37i9dQZF1DXc3KygMa1OE7?si=d5ac64afe4b44c5e,TOTO,I'll Be Over You,1980s
https://open.spotify.com/playlist/37i9dQZF1DXc3KygMa1OE7?si=d5ac64afe4b44c5e,Philip Bailey,Easy Lover,1980s
https://open.spotify.com/playlist/37i9dQZF1DXc3KygMa1OE7?si=d5ac64afe4b44c5e,Journey,Open Arms,1980s
https://open.spotify.com/playlist/37i9dQZF1DXc3KygMa1OE7?si=d5ac64afe4b44c5e,Michael Bolton,How Am I Supposed to Live Without You,1980s
https://open.spotify.com/playlist/37i9dQZF1DXc3KygMa1OE7?si=d5ac64afe4b44c5e,Lionel Richie,"Say You, Say Me",1980s
https://open.spotify.com/playlist/37i9dQZF1DXc3KygMa1OE7?si=d5ac64afe4b44c5e,Cyndi Lauper,Time After Time,1980s
https://open.spotify.com/playlist/37i9dQZF1DXc3KygMa1OE7?si=d5ac64afe4b44c5e,Air Supply,Making Love Out of Nothing at All,1980s
https://open.spotify.com/playlist/37i9dQZF1DXc3KygMa1OE7?si=d5ac64afe4b44c5e,Tina Turner,What's Love Got to Do with It,1980s
https://open.spotify.com/playlist/37i9dQZF1DXc3KygMa1OE7?si=d5ac64afe4b44c5e,Whitney Houston,Saving All My Love for You,1980s
https://open.spotify.com/playlist/37i9dQZF1DXc3KygMa1OE7?si=d5ac64afe4b44c5e,Spandau Ballet,True - Single Edit,1980s
https://open.spotify.com/playlist/37i9dQZF1DXc3KygMa1OE7?si=d5ac64afe4b44c5e,Paul Young,Every Time You Go Away - Radio Edit,1980s
https://open.spotify.com/playlist/37i9dQZF1DXc3KygMa1OE7?si=d5ac64afe4b44c5e,Barbra Streisand,Woman in Love,1980s
https://open.spotify.com/playlist/37i9dQZF1DXc3KygMa1OE7?si=d5ac64afe4b44c5e,Journey,Faithfully,1980s
https://open.spotify.com/playlist/37i9dQZF1DXc3KygMa1OE7?si=d5ac64afe4b44c5e,Phil Collins,A Groovy Kind of Love,1980s
https://open.spotify.com/playlist/37i9dQZF1DXc3KygMa1OE7?si=d5ac64afe4b44c5e,Bryan Ferry,Slave To Love,1980s
https://open.spotify.com/playlist/37i9dQZF1DXc3KygMa1OE7?si=d5ac64afe4b44c5e,The Bangles,Eternal Flame,1980s
https://open.spotify.com/playlist/37i9dQZF1DXc3KygMa1OE7?si=d5ac64afe4b44c5e,Bryan Adams,Straight From The Heart,1980s
https://open.spotify.com/playlist/37i9dQZF1DXc3KygMa1OE7?si=d5ac64afe4b44c5e,Bon Jovi,Never Say Goodbye,1980s
https://open.spotify.com/playlist/37i9dQZF1DXc3KygMa1OE7?si=d5ac64afe4b44c5e,Sade,Your Love Is King,1980s
https://open.spotify.com/playlist/37i9dQZF1DXc3KygMa1OE7?si=d5ac64afe4b44c5e,Bee Gees,You Win Again,1980s
https://open.spotify.com/playlist/37i9dQZF1DXc3KygMa1OE7?si=d5ac64afe4b44c5e,Kenny Rogers,We've Got Tonight,1980s
https://open.spotify.com/playlist/37i9dQZF1DXc3KygMa1OE7?si=d5ac64afe4b44c5e,Debbie Gibson,Lost in Your Eyes,1980s
https://open.spotify.com/playlist/37i9dQZF1DXc3KygMa1OE7?si=d5ac64afe4b44c5e,Air Supply,Even the Nights Are Better,1980s
https://open.spotify.com/playlist/37i9dQZF1DXc3KygMa1OE7?si=d5ac64afe4b44c5e,Phil Collins,One More Night - 2016 Remaster,1980s
https://open.spotify.com/playlist/37i9dQZF1DXc3KygMa1OE7?si=d5ac64afe4b44c5e,INXS,Never Tear Us Apart,1980s
https://open.spotify.com/playlist/37i9dQZF1DXc3KygMa1OE7?si=d5ac64afe4b44c5e,Climie Fisher,Love Changes (Everything),1980s
https://open.spotify.com/playlist/37i9dQZF1DXc3KygMa1OE7?si=d5ac64afe4b44c5e,Michael Jackson,I Just Can't Stop Loving You (feat. Siedah Garrett) - 2012 Remaster,1980s
https://open.spotify.com/playlist/37i9dQZF1DXc3KygMa1OE7?si=d5ac64afe4b44c5e,ABC,"The Look Of Love, Pt.1",1980s
https://open.spotify.com/playlist/37i9dQZF1DXc3KygMa1OE7?si=d5ac64afe4b44c5e,Belinda Carlisle,"Heaven Is A Place On Earth - Promo 7"" Edit",1980s
https://open.spotify.com/playlist/37i9dQZF1DXc3KygMa1OE7?si=d5ac64afe4b44c5e,Phil Collins,Do You Remember? - 2016 Remaster,1980s
https://open.spotify.com/playlist/37i9dQZF1DXc3KygMa1OE7?si=d5ac64afe4b44c5e,"Grover Washington, Jr.",Just the Two of Us,1980s
https://open.spotify.com/playlist/37i9dQZF1DXc3KygMa1OE7?si=d5ac64afe4b44c5e,Aerosmith,Angel,1980s
https://open.spotify.com/playlist/37i9dQZF1DXc3KygMa1OE7?si=d5ac64afe4b44c5e,Billy Joel,Uptown Girl,1980s
https://open.spotify.com/playlist/37i9dQZF1DXc3KygMa1OE7?si=d5ac64afe4b44c5e,Dan Hartman,I Can Dream About You,1980s
https://open.spotify.com/playlist/37i9dQZF1DXc3KygMa1OE7?si=d5ac64afe4b44c5e,Jennifer Rush,The Power of Love,1980s
https://open.spotify.com/playlist/37i9dQZF1DXc3KygMa1OE7?si=d5ac64afe4b44c5e,Lionel Richie,All Night Long - Single Version,1980s
https://open.spotify.com/playlist/37i9dQZF1DXc3KygMa1OE7?si=d5ac64afe4b44c5e,Air Supply,Every Woman in the World,1980s
https://open.spotify.com/playlist/37i9dQZF1DXc3KygMa1OE7?si=d5ac64afe4b44c5e,Bette Midler,Wind Beneath My Wings,1980s
https://open.spotify.com/playlist/37i9dQZF1DXc3KygMa1OE7?si=d5ac64afe4b44c5e,Billy Ocean,Suddenly,1980s
https://open.spotify.com/playlist/37i9dQZF1DXc3KygMa1OE7?si=d5ac64afe4b44c5e,DeBarge,Who's Holding Donna Now?,1980s
https://open.spotify.com/playlist/37i9dQZF1DWXqpDKK4ed9O?si=535db10c0a874802,Mazzy Star,Fade Into You,1990s
https://open.spotify.com/playlist/37i9dQZF1DWXqpDKK4ed9O?si=535db10c0a874802,Shania Twain,You're Still The One,1990s
https://open.spotify.com/playlist/37i9dQZF1DWXqpDKK4ed9O?si=535db10c0a874802,Whitney Houston,I Will Always Love You,1990s
https://open.spotify.com/playlist/37i9dQZF1DWXqpDKK4ed9O?si=535db10c0a874802,Mariah Carey,Fantasy,1990s
https://open.spotify.com/playlist/37i9dQZF1DWXqpDKK4ed9O?si=535db10c0a874802,Richard Marx,Right Here Waiting,1990s
https://open.spotify.com/playlist/37i9dQZF1DWXqpDKK4ed9O?si=535db10c0a874802,Extreme,More Than Words,1990s
https://open.spotify.com/playlist/37i9dQZF1DWXqpDKK4ed9O?si=535db10c0a874802,Céline Dion,"My Heart Will Go On - Love Theme from ""Titanic""",1990s
https://open.spotify.com/playlist/37i9dQZF1DWXqpDKK4ed9O?si=535db10c0a874802,Savage Garden,Truly Madly Deeply,1990s
https://open.spotify.com/playlist/37i9dQZF1DWXqpDKK4ed9O?si=535db10c0a874802,Aerosmith,"I Don't Want to Miss a Thing - From ""Armageddon"" Soundtrack",1990s
https://open.spotify.com/playlist/37i9dQZF1DWXqpDKK4ed9O?si=535db10c0a874802,Whitney Houston,I Have Nothing,1990s
https://open.spotify.com/playlist/37i9dQZF1DWXqpDKK4ed9O?si=535db10c0a874802,Boyz II Men,End Of The Road,1990s
https://open.spotify.com/playlist/37i9dQZF1DWXqpDKK4ed9O?si=535db10c0a874802,Donna Lewis,I Love You Always Forever,1990s
https://open.spotify.com/playlist/37i9dQZF1DWXqpDKK4ed9O?si=535db10c0a874802,Céline Dion,"Because You Loved Me (Theme from ""Up Close and Personal"")",1990s
https://open.spotify.com/playlist/37i9dQZF1DWXqpDKK4ed9O?si=535db10c0a874802,Mariah Carey,Always Be My Baby,1990s
https://open.spotify.com/playlist/37i9dQZF1DWXqpDKK4ed9O?si=535db10c0a874802,Wet Wet Wet,"Love Is All Around - From ""Four Weddings And A Funeral""",1990s
https://open.spotify.com/playlist/37i9dQZF1DWXqpDKK4ed9O?si=535db10c0a874802,Savage Garden,I Knew I Loved You,1990s
https://open.spotify.com/playlist/37i9dQZF1DWXqpDKK4ed9O?si=535db10c0a874802,All-4-One,I Swear,1990s
https://open.spotify.com/playlist/37i9dQZF1DWXqpDKK4ed9O?si=535db10c0a874802,Lonestar,Amazed,1990s
https://open.spotify.com/playlist/37i9dQZF1DWXqpDKK4ed9O?si=535db10c0a874802,K-Ci & JoJo,All My Life,1990s
https://open.spotify.com/playlist/37i9dQZF1DWXqpDKK4ed9O?si=535db10c0a874802,Céline Dion,The Power of Love,1990s
https://open.spotify.com/playlist/37i9dQZF1DWXqpDKK4ed9O?si=535db10c0a874802,Mariah Carey,Hero,1990s
https://open.spotify.com/playlist/37i9dQZF1DWXqpDKK4ed9O?si=535db10c0a874802,Tracy Chapman,Give Me One Reason,1990s
https://open.spotify.com/playlist/37i9dQZF1DWXqpDKK4ed9O?si=535db10c0a874802,Britney Spears,Sometimes,1990s
https://open.spotify.com/playlist/37i9dQZF1DWXqpDKK4ed9O?si=535db10c0a874802,Brian McKnight,Back At One,1990s
https://open.spotify.com/playlist/37i9dQZF1DWXqpDKK4ed9O?si=535db10c0a874802,LeAnn Rimes,How Do I Live,1990s
https://open.spotify.com/playlist/37i9dQZF1DWXqpDKK4ed9O?si=535db10c0a874802,SWV,Weak,1990s
https://open.spotify.com/playlist/37i9dQZF1DWXqpDKK4ed9O?si=535db10c0a874802,Backstreet Boys,I Want It That Way,1990s
https://open.spotify.com/playlist/37i9dQZF1DWXqpDKK4ed9O?si=535db10c0a874802,Faith Hill,This Kiss,1990s
https://open.spotify.com/playlist/37i9dQZF1DWXqpDKK4ed9O?si=535db10c0a874802,Sade,No Ordinary Love,1990s
https://open.spotify.com/playlist/37i9dQZF1DWXqpDKK4ed9O?si=535db10c0a874802,Selena,Dreaming Of You,1990s
https://open.spotify.com/playlist/37i9dQZF1DWXqpDKK4ed9O?si=535db10c0a874802,Mariah Carey,One Sweet Day,1990s
https://open.spotify.com/playlist/37i9dQZF1DWXqpDKK4ed9O?si=535db10c0a874802,Michael Bolton,When a Man Loves a Woman,1990s
https://open.spotify.com/playlist/37i9dQZF1DWXqpDKK4ed9O?si=535db10c0a874802,Whitney Houston,When You Believe - from The Prince of Egypt,1990s
https://open.spotify.com/playlist/37i9dQZF1DWXqpDKK4ed9O?si=535db10c0a874802,Tamia,So Into You,1990s
https://open.spotify.com/playlist/37i9dQZF1DWXqpDKK4ed9O?si=535db10c0a874802,Vanessa Williams,Save The Best For Last,1990s
https://open.spotify.com/playlist/37i9dQZF1DWXqpDKK4ed9O?si=535db10c0a874802,Mr. Big,To Be With You - 2010 Remastered Version,1990s
https://open.spotify.com/playlist/37i9dQZF1DWXqpDKK4ed9O?si=535db10c0a874802,Spice Girls,2 Become 1,1990s
https://open.spotify.com/playlist/37i9dQZF1DWXqpDKK4ed9O?si=535db10c0a874802,Big Mountain,"Baby, I Love Your Way",1990s
https://open.spotify.com/playlist/37i9dQZF1DWXqpDKK4ed9O?si=535db10c0a874802,Mariah Carey,My All,1990s
https://open.spotify.com/playlist/37i9dQZF1DWXqpDKK4ed9O?si=535db10c0a874802,Janet Jackson,That's The Way Love Goes,1990s
https://open.spotify.com/playlist/37i9dQZF1DWXqpDKK4ed9O?si=535db10c0a874802,Monica,Angel of Mine,1990s
https://open.spotify.com/playlist/37i9dQZF1DWXqpDKK4ed9O?si=535db10c0a874802,Shania Twain,From This Moment On,1990s
https://open.spotify.com/playlist/37i9dQZF1DWXqpDKK4ed9O?si=535db10c0a874802,Whitney Houston,Run to You,1990s
https://open.spotify.com/playlist/37i9dQZF1DWXqpDKK4ed9O?si=535db10c0a874802,Brandy,I Wanna Be Down,1990s
https://open.spotify.com/playlist/37i9dQZF1DWXqpDKK4ed9O?si=535db10c0a874802,Luther Vandross,Endless Love (with Mariah Carey),1990s
https://open.spotify.com/playlist/37i9dQZF1DWXqpDKK4ed9O?si=535db10c0a874802,Bryan Adams,(Everything I Do) I Do It For You,1990s
https://open.spotify.com/playlist/37i9dQZF1DWXqpDKK4ed9O?si=535db10c0a874802,Barbra Streisand,I Finally Found Someone (feat. Bryan Adams),1990s
https://open.spotify.com/playlist/37i9dQZF1DWXqpDKK4ed9O?si=535db10c0a874802,Paula Cole,I Don't Want to Wait,1990s
https://open.spotify.com/playlist/37i9dQZF1DWXqpDKK4ed9O?si=535db10c0a874802,Bonnie Raitt,I Can't Make You Love Me,1990s
https://open.spotify.com/playlist/37i9dQZF1DWXqpDKK4ed9O?si=535db10c0a874802,98º,I Do (Cherish You),1990s
https://open.spotify.com/playlist/37i9dQZF1DXd0DyosUBZQ7?si=a175bb1526bf452f,Coldplay,Yellow,2000s
https://open.spotify.com/playlist/37i9dQZF1DXd0DyosUBZQ7?si=a175bb1526bf452f,Bruno Mars,Just the Way You Are,2000s
https://open.spotify.com/playlist/37i9dQZF1DXd0DyosUBZQ7?si=a175bb1526bf452f,Hoobastank,The Reason,2000s
https://open.spotify.com/playlist/37i9dQZF1DXd0DyosUBZQ7?si=a175bb1526bf452f,Snow Patrol,Chasing Cars,2000s
https://open.spotify.com/playlist/37i9dQZF1DXd0DyosUBZQ7?si=a175bb1526bf452f,Alicia Keys,If I Ain't Got You,2000s
https://open.spotify.com/playlist/37i9dQZF1DXd0DyosUBZQ7?si=a175bb1526bf452f,Jason Mraz,I'm Yours,2000s
https://open.spotify.com/playlist/37i9dQZF1DXd0DyosUBZQ7?si=a175bb1526bf452f,Maroon 5,This Love,2000s
https://open.spotify.com/playlist/37i9dQZF1DXd0DyosUBZQ7?si=a175bb1526bf452f,Avril Lavigne,Complicated,2000s
https://open.spotify.com/playlist/37i9dQZF1DXd0DyosUBZQ7?si=a175bb1526bf452f,Coldplay,The Scientist,2000s
https://open.spotify.com/playlist/37i9dQZF1DXd0DyosUBZQ7?si=a175bb1526bf452f,Usher,My Boo,2000s
https://open.spotify.com/playlist/37i9dQZF1DXd0DyosUBZQ7?si=a175bb1526bf452f,Ne-Yo,So Sick,2000s
https://open.spotify.com/playlist/37i9dQZF1DXd0DyosUBZQ7?si=a175bb1526bf452f,Rihanna,Take A Bow,2000s
https://open.spotify.com/playlist/37i9dQZF1DXd0DyosUBZQ7?si=a175bb1526bf452f,Vanessa Carlton,A Thousand Miles,2000s
https://open.spotify.com/playlist/37i9dQZF1DXd0DyosUBZQ7?si=a175bb1526bf452f,Taylor Swift,Love Story,2000s
https://open.spotify.com/playlist/37i9dQZF1DXd0DyosUBZQ7?si=a175bb1526bf452f,Natasha Bedingfield,Unwritten,2000s
https://open.spotify.com/playlist/37i9dQZF1DXd0DyosUBZQ7?si=a175bb1526bf452f,Kings of Leon,Use Somebody,2000s
https://open.spotify.com/playlist/37i9dQZF1DXd0DyosUBZQ7?si=a175bb1526bf452f,Coldplay,Fix You,2000s
https://open.spotify.com/playlist/37i9dQZF1DXd0DyosUBZQ7?si=a175bb1526bf452f,Maroon 5,She Will Be Loved - Radio Mix,2000s
https://open.spotify.com/playlist/37i9dQZF1DXd0DyosUBZQ7?si=a175bb1526bf452f,Keane,Somewhere Only We Know,2000s
https://open.spotify.com/playlist/37i9dQZF1DXd0DyosUBZQ7?si=a175bb1526bf452f,James Blunt,You're Beautiful,2000s
https://open.spotify.com/playlist/37i9dQZF1DXd0DyosUBZQ7?si=a175bb1526bf452f,Norah Jones,Don't Know Why,2000s
https://open.spotify.com/playlist/37i9dQZF1DXd0DyosUBZQ7?si=a175bb1526bf452f,Leona Lewis,Bleeding Love,2000s
https://open.spotify.com/playlist/37i9dQZF1DXd0DyosUBZQ7?si=a175bb1526bf452f,Lifehouse,You And Me,2000s
https://open.spotify.com/playlist/37i9dQZF1DXd0DyosUBZQ7?si=a175bb1526bf452f,Taylor Swift,You Belong With Me,2000s
https://open.spotify.com/playlist/37i9dQZF1DXd0DyosUBZQ7?si=a175bb1526bf452f,Alicia Keys,No One,2000s
https://open.spotify.com/playlist/37i9dQZF1DXd0DyosUBZQ7?si=a175bb1526bf452f,The Script,The Man Who Can't Be Moved,2000s
https://open.spotify.com/playlist/37i9dQZF1DXd0DyosUBZQ7?si=a175bb1526bf452f,The Calling,Wherever You Will Go,2000s
https://open.spotify.com/playlist/37i9dQZF1DXd0DyosUBZQ7?si=a175bb1526bf452f,Ne-Yo,Because Of You,2000s
https://open.spotify.com/playlist/37i9dQZF1DXd0DyosUBZQ7?si=a175bb1526bf452f,Adele,Make You Feel My Love,2000s
https://open.spotify.com/playlist/37i9dQZF1DXd0DyosUBZQ7?si=a175bb1526bf452f,Ashanti,Foolish,2000s
https://open.spotify.com/playlist/37i9dQZF1DXd0DyosUBZQ7?si=a175bb1526bf452f,John Mayer,Your Body Is a Wonderland,2000s
https://open.spotify.com/playlist/37i9dQZF1DXd0DyosUBZQ7?si=a175bb1526bf452f,Jason Mraz,Lucky,2000s
https://open.spotify.com/playlist/37i9dQZF1DXd0DyosUBZQ7?si=a175bb1526bf452f,Norah Jones,Come Away With Me,2000s
https://open.spotify.com/playlist/37i9dQZF1DXd0DyosUBZQ7?si=a175bb1526bf452f,Ronan Keating,When You Say Nothing At All,2000s
https://open.spotify.com/playlist/37i9dQZF1DXd0DyosUBZQ7?si=a175bb1526bf452f,Avril Lavigne,I'm with You,2000s
https://open.spotify.com/playlist/37i9dQZF1DXd0DyosUBZQ7?si=a175bb1526bf452f,Backstreet Boys,Shape of My Heart,2000s
https://open.spotify.com/playlist/37i9dQZF1DXd0DyosUBZQ7?si=a175bb1526bf452f,Jordin Sparks,No Air (feat. Chris Brown),2000s
https://open.spotify.com/playlist/37i9dQZF1DXd0DyosUBZQ7?si=a175bb1526bf452f,Rihanna,Unfaithful,2000s
https://open.spotify.com/playlist/37i9dQZF1DXd0DyosUBZQ7?si=a175bb1526bf452f,Usher,U Got It Bad,2000s
https://open.spotify.com/playlist/37i9dQZF1DXd0DyosUBZQ7?si=a175bb1526bf452f,Jack Johnson,Better Together,2000s
https://open.spotify.com/playlist/37i9dQZF1DXd0DyosUBZQ7?si=a175bb1526bf452f,Mariah Carey,We Belong Together,2000s
https://open.spotify.com/playlist/37i9dQZF1DXd0DyosUBZQ7?si=a175bb1526bf452f,Sade,By Your Side,2000s
https://open.spotify.com/playlist/37i9dQZF1DXd0DyosUBZQ7?si=a175bb1526bf452f,Craig David,7 Days,2000s
https://open.spotify.com/playlist/37i9dQZF1DXd0DyosUBZQ7?si=a175bb1526bf452f,Jesse McCartney,Beautiful Soul,2000s
https://open.spotify.com/playlist/37i9dQZF1DXd0DyosUBZQ7?si=a175bb1526bf452f,Westlife,My Love,2000s
https://open.spotify.com/playlist/37i9dQZF1DXd0DyosUBZQ7?si=a175bb1526bf452f,James Blunt,Goodbye My Lover,2000s
https://open.spotify.com/playlist/37i9dQZF1DXd0DyosUBZQ7?si=a175bb1526bf452f,OneRepublic,Apologize,2000s
https://open.spotify.com/playlist/37i9dQZF1DXd0DyosUBZQ7?si=a175bb1526bf452f,Rihanna,Hate That I Love You,2000s
https://open.spotify.com/playlist/37i9dQZF1DXd0DyosUBZQ7?si=a175bb1526bf452f,Kelly Clarkson,Because of You,2000s
https://open.spotify.com/playlist/37i9dQZF1DXd0DyosUBZQ7?si=a175bb1526bf452f,The Corrs,Breathless,2000s
https://open.spotify.com/playlist/37i9dQZF1DXd0DyosUBZQ7?si=a175bb1526bf452f,Gabrielle,Out Of Reach,2000s
https://open.spotify.com/playlist/37i9dQZF1DXd0DyosUBZQ7?si=a175bb1526bf452f,Five For Fighting,Superman (It's Not Easy),2000s
https://open.spotify.com/playlist/37i9dQZF1DXd0DyosUBZQ7?si=a175bb1526bf452f,Taylor Swift,Teardrops On My Guitar - Radio Single Remix,2000s
https://open.spotify.com/playlist/37i9dQZF1DXd0DyosUBZQ7?si=a175bb1526bf452f,Amy Winehouse,Love Is A Losing Game,2000s
https://open.spotify.com/playlist/37i9dQZF1DXd0DyosUBZQ7?si=a175bb1526bf452f,Mario,Let Me Love You,2000s
https://open.spotify.com/playlist/37i9dQZF1DXd0DyosUBZQ7?si=a175bb1526bf452f,David Archuleta,Crush,2000s
https://open.spotify.com/playlist/37i9dQZF1DXd0DyosUBZQ7?si=a175bb1526bf452f,Robbie Williams,Somethin' Stupid,2000s
https://open.spotify.com/playlist/37i9dQZF1DXd0DyosUBZQ7?si=a175bb1526bf452f,Britney Spears,Everytime,2000s
https://open.spotify.com/playlist/37i9dQZF1DXd0DyosUBZQ7?si=a175bb1526bf452f,Leona Lewis,Better in Time,2000s
https://open.spotify.com/playlist/37i9dQZF1DXd0DyosUBZQ7?si=a175bb1526bf452f,*NSYNC,This I Promise You,2000s
https://open.spotify.com/playlist/37i9dQZF1DXd0DyosUBZQ7?si=a175bb1526bf452f,Fergie,Big Girls Don't Cry (Personal),2000s
https://open.spotify.com/playlist/37i9dQZF1DXd0DyosUBZQ7?si=a175bb1526bf452f,John Mayer,Half of My Heart,2000s
https://open.spotify.com/playlist/37i9dQZF1DXd0DyosUBZQ7?si=a175bb1526bf452f,Beyoncé,Halo,2000s
https://open.spotify.com/playlist/37i9dQZF1DXd0DyosUBZQ7?si=a175bb1526bf452f,Counting Crows,Accidentally In Love,2000s
https://open.spotify.com/playlist/37i9dQZF1DXd0DyosUBZQ7?si=a175bb1526bf452f,Blue,Best In Me,2000s
https://open.spotify.com/playlist/37i9dQZF1DXd0DyosUBZQ7?si=a175bb1526bf452f,John Legend,Save Room,2000s
https://open.spotify.com/playlist/37i9dQZF1DXd0DyosUBZQ7?si=a175bb1526bf452f,Maroon 5,Won't Go Home Without You,2000s
https://open.spotify.com/playlist/37i9dQZF1DXd0DyosUBZQ7?si=a175bb1526bf452f,S Club 7,Never Had A Dream Come True,2000s
https://open.spotify.com/playlist/37i9dQZF1DXd0DyosUBZQ7?si=a175bb1526bf452f,The Pussycat Dolls,Stickwitu,2000s
https://open.spotify.com/playlist/37i9dQZF1DXd0DyosUBZQ7?si=a175bb1526bf452f,Miley Cyrus,When I Look At You,2000s
https://open.spotify.com/playlist/37i9dQZF1DXd0DyosUBZQ7?si=a175bb1526bf452f,Michael Bublé,Home,2000s
https://open.spotify.com/playlist/37i9dQZF1DXd0DyosUBZQ7?si=a175bb1526bf452f,Enrique Iglesias,Hero,2000s
https://open.spotify.com/playlist/37i9dQZF1DXd0DyosUBZQ7?si=a175bb1526bf452f,M2M,Pretty Boy,2000s
https://open.spotify.com/playlist/37i9dQZF1DXd0DyosUBZQ7?si=a175bb1526bf452f,Ryan Cabrera,True,2000s
https://open.spotify.com/playlist/37i9dQZF1DXd0DyosUBZQ7?si=a175bb1526bf452f,S Club 7,Have You Ever,2000s
https://open.spotify.com/playlist/37i9dQZF1DWVTfbQdQ8l7H?si=ea5210729ef84f74,Ruth B.,Dandelions,2010s
https://open.spotify.com/playlist/37i9dQZF1DWVTfbQdQ8l7H?si=ea5210729ef84f74,Ed Sheeran,Perfect,2010s
https://open.spotify.com/playlist/37i9dQZF1DWVTfbQdQ8l7H?si=ea5210729ef84f74,Lewis Capaldi,Someone You Loved,2010s
https://open.spotify.com/playlist/37i9dQZF1DWVTfbQdQ8l7H?si=ea5210729ef84f74,Bruno Mars,When I Was Your Man,2010s
https://open.spotify.com/playlist/37i9dQZF1DWVTfbQdQ8l7H?si=ea5210729ef84f74,The Weeknd,Die For You,2010s
https://open.spotify.com/playlist/37i9dQZF1DWVTfbQdQ8l7H?si=ea5210729ef84f74,James Arthur,Say You Won't Let Go,2010s
https://open.spotify.com/playlist/37i9dQZF1DWVTfbQdQ8l7H?si=ea5210729ef84f74,Rihanna,Love On The Brain,2010s
https://open.spotify.com/playlist/37i9dQZF1DWVTfbQdQ8l7H?si=ea5210729ef84f74,John Legend,All of Me,2010s
https://open.spotify.com/playlist/37i9dQZF1DWVTfbQdQ8l7H?si=ea5210729ef84f74,The Chainsmokers,Something Just Like This,2010s
https://open.spotify.com/playlist/37i9dQZF1DWVTfbQdQ8l7H?si=ea5210729ef84f74,Sam Smith,Too Good At Goodbyes,2010s
https://open.spotify.com/playlist/37i9dQZF1DWVTfbQdQ8l7H?si=ea5210729ef84f74,DJ Snake,Let Me Love You,2010s
https://open.spotify.com/playlist/37i9dQZF1DWVTfbQdQ8l7H?si=ea5210729ef84f74,Ed Sheeran,Thinking out Loud,2010s
https://open.spotify.com/playlist/37i9dQZF1DWVTfbQdQ8l7H?si=ea5210729ef84f74,Jaymes Young,Infinity,2010s
https://open.spotify.com/playlist/37i9dQZF1DWVTfbQdQ8l7H?si=ea5210729ef84f74,Bruno Mars,Just the Way You Are,2010s
https://open.spotify.com/playlist/37i9dQZF1DWVTfbQdQ8l7H?si=ea5210729ef84f74,Lady Gaga,Always Remember Us This Way,2010s
https://open.spotify.com/playlist/37i9dQZF1DWVTfbQdQ8l7H?si=ea5210729ef84f74,Sam Smith,Stay With Me,2010s
https://open.spotify.com/playlist/37i9dQZF1DWVTfbQdQ8l7H?si=ea5210729ef84f74,P!nk,Just Give Me a Reason (feat. Nate Ruess),2010s
https://open.spotify.com/playlist/37i9dQZF1DWVTfbQdQ8l7H?si=ea5210729ef84f74,Lewis Capaldi,Bruises,2010s
https://open.spotify.com/playlist/37i9dQZF1DWVTfbQdQ8l7H?si=ea5210729ef84f74,Christina Perri,A Thousand Years,2010s
https://open.spotify.com/playlist/37i9dQZF1DWVTfbQdQ8l7H?si=ea5210729ef84f74,Calum Scott,Dancing On My Own,2010s
https://open.spotify.com/playlist/37i9dQZF1DWVTfbQdQ8l7H?si=ea5210729ef84f74,Camila Cabello,Havana (feat. Young Thug),2010s
https://open.spotify.com/playlist/37i9dQZF1DWVTfbQdQ8l7H?si=ea5210729ef84f74,ZAYN,I Don’t Wanna Live Forever (Fifty Shades Darker),2010s
https://open.spotify.com/playlist/37i9dQZF1DWVTfbQdQ8l7H?si=ea5210729ef84f74,Adele,Someone Like You,2010s
https://open.spotify.com/playlist/37i9dQZF1DWVTfbQdQ8l7H?si=ea5210729ef84f74,Dean Lewis,Be Alright,2010s
https://open.spotify.com/playlist/37i9dQZF1DWVTfbQdQ8l7H?si=ea5210729ef84f74,Meghan Trainor,Like I'm Gonna Lose You (feat. John Legend),2010s
https://open.spotify.com/playlist/37i9dQZF1DWVTfbQdQ8l7H?si=ea5210729ef84f74,Lady Gaga,Million Reasons,2010s
https://open.spotify.com/playlist/37i9dQZF1DWVTfbQdQ8l7H?si=ea5210729ef84f74,One Direction,You & I,2010s
https://open.spotify.com/playlist/37i9dQZF1DWVTfbQdQ8l7H?si=ea5210729ef84f74,gnash,"i hate u, i love u (feat. olivia o'brien)",2010s
https://open.spotify.com/playlist/37i9dQZF1DWVTfbQdQ8l7H?si=ea5210729ef84f74,Niall Horan,Slow Hands,2010s
https://open.spotify.com/playlist/37i9dQZF1DWVTfbQdQ8l7H?si=ea5210729ef84f74,Halsey,Without Me,2010s
https://open.spotify.com/playlist/37i9dQZF1DWVTfbQdQ8l7H?si=ea5210729ef84f74,Selena Gomez,The Heart Wants What It Wants,2010s
https://open.spotify.com/playlist/37i9dQZF1DWVTfbQdQ8l7H?si=ea5210729ef84f74,Shawn Mendes,Imagination,2010s
https://open.spotify.com/playlist/37i9dQZF1DWVTfbQdQ8l7H?si=ea5210729ef84f74,Rihanna,Diamonds,2010s
https://open.spotify.com/playlist/37i9dQZF1DWVTfbQdQ8l7H?si=ea5210729ef84f74,Bazzi,I.F.L.Y.,2010s
https://open.spotify.com/playlist/37i9dQZF1DWVTfbQdQ8l7H?si=ea5210729ef84f74,One Direction,Little Things,2010s
https://open.spotify.com/playlist/37i9dQZF1DWVTfbQdQ8l7H?si=ea5210729ef84f74,Adele,Send My Love (To Your New Lover),2010s
https://open.spotify.com/playlist/37i9dQZF1DWVTfbQdQ8l7H?si=ea5210729ef84f74,A Great Big World,Say Something,2010s
https://open.spotify.com/playlist/37i9dQZF1DWVTfbQdQ8l7H?si=ea5210729ef84f74,Ed Sheeran,Lego House,2010s
https://open.spotify.com/playlist/37i9dQZF1DWVTfbQdQ8l7H?si=ea5210729ef84f74,Rihanna,Stay,2010s
https://open.spotify.com/playlist/37i9dQZF1DWVTfbQdQ8l7H?si=ea5210729ef84f74,Christina Perri,Jar of Hearts,2010s
https://open.spotify.com/playlist/37i9dQZF1DWVTfbQdQ8l7H?si=ea5210729ef84f74,Lauv,Never Not,2010s
https://open.spotify.com/playlist/37i9dQZF1DWVTfbQdQ8l7H?si=ea5210729ef84f74,John Mayer,XO,2010s
https://open.spotify.com/playlist/37i9dQZF1DWVTfbQdQ8l7H?si=ea5210729ef84f74,Miley Cyrus,Adore You,2010s
https://open.spotify.com/playlist/37i9dQZF1DWVTfbQdQ8l7H?si=ea5210729ef84f74,Lukas Graham,Love Someone,2010s
https://open.spotify.com/playlist/37i9dQZF1DWVTfbQdQ8l7H?si=ea5210729ef84f74,Jason Mraz,I Won't Give Up,2010s
https://open.spotify.com/playlist/37i9dQZF1DWVTfbQdQ8l7H?si=ea5210729ef84f74,Snoh Aalegra,I Want You Around,2010s
https://open.spotify.com/playlist/37i9dQZF1DWVTfbQdQ8l7H?si=ea5210729ef84f74,Sam Smith,Lay Me Down,2010s
https://open.spotify.com/playlist/37i9dQZF1DWVTfbQdQ8l7H?si=ea5210729ef84f74,Selena Gomez,Same Old Love,2010s
https://open.spotify.com/playlist/37i9dQZF1DWVTfbQdQ8l7H?si=ea5210729ef84f74,Clean Bandit,I Miss You (feat. Julia Michaels),2010s
https://open.spotify.com/playlist/37i9dQZF1DWVTfbQdQ8l7H?si=ea5210729ef84f74,Shontelle,Impossible,2010s
https://open.spotify.com/playlist/37i9dQZF1DWVTfbQdQ8l7H?si=ea5210729ef84f74,James TW,Please Keep Loving Me,2010s
https://open.spotify.com/playlist/37i9dQZF1DWVTfbQdQ8l7H?si=ea5210729ef84f74,Katy Perry,The One That Got Away - Acoustic,2010s
https://open.spotify.com/playlist/37i9dQZF1DWVTfbQdQ8l7H?si=ea5210729ef84f74,Ellie Goulding,Your Song - Bonus Track,2010s
https://open.spotify.com/playlist/37i9dQZF1DWVTfbQdQ8l7H?si=ea5210729ef84f74,John Mayer,Who You Love (feat. Katy Perry),2010s
https://open.spotify.com/playlist/37i9dQZF1DWVTfbQdQ8l7H?si=ea5210729ef84f74,Tom Walker,Just You and I - Acoustic,2010s
https://open.spotify.com/playlist/37i9dQZF1DWVTfbQdQ8l7H?si=ea5210729ef84f74,John Legend,You & I (Nobody in the World),2010s
https://open.spotify.com/playlist/37i9dQZF1DWVTfbQdQ8l7H?si=ea5210729ef84f74,Jessie J,"Flashlight - From ""Pitch Perfect 2"" Soundtrack",2010s
https://open.spotify.com/playlist/37i9dQZF1DWVTfbQdQ8l7H?si=ea5210729ef84f74,Adele,Sweetest Devotion,2010s
https://open.spotify.com/playlist/37i9dQZF1DWVTfbQdQ8l7H?si=ea5210729ef84f74,Nathan Sykes,Over And Over Again,2010s
https://open.spotify.com/playlist/37i9dQZF1DWVTfbQdQ8l7H?si=ea5210729ef84f74,Katy Perry,Unconditionally,2010s
https://open.spotify.com/playlist/37i9dQZF1DWVTfbQdQ8l7H?si=ea5210729ef84f74,The Weeknd,"Earned It (Fifty Shades Of Grey) - From The ""Fifty Shades Of Grey"" Soundtrack",2010s
https://open.spotify.com/playlist/37i9dQZF1DWVTfbQdQ8l7H?si=ea5210729ef84f74,P!nk,You Get My Love,2010s